Date,Close,Close_diff,Close_predicted
2019-01-02,2510.030029296875,,
2019-01-03,2447.889892578125,-62.14013671875,2385.749755859375
2019-01-04,2531.93994140625,84.050048828125,2615.989990234375
2019-01-07,2549.68994140625,17.75,2567.43994140625
2019-01-08,2574.409912109375,24.719970703125,2599.1298828125
2019-01-09,2584.9599609375,10.550048828125,2595.510009765625
2019-01-10,2596.639892578125,11.679931640625,2608.31982421875
2019-01-11,2596.260009765625,-0.3798828125,2595.880126953125
2019-01-14,2582.610107421875,-13.64990234375,2568.960205078125
2019-01-15,2610.300048828125,27.68994140625,2637.989990234375
2019-01-16,2616.10009765625,5.800048828125,2621.900146484375
2019-01-17,2635.9599609375,19.85986328125,2655.81982421875
2019-01-18,2670.7099609375,34.75,2705.4599609375
2019-01-22,2632.89990234375,-37.81005859375,2595.08984375
2019-01-23,2638.699951171875,5.800048828125,2644.5
2019-01-24,2642.330078125,3.630126953125,2645.960205078125
2019-01-25,2664.760009765625,22.429931640625,2687.18994140625
2019-01-28,2643.85009765625,-20.909912109375,2622.940185546875
2019-01-29,2640.0,-3.85009765625,2636.14990234375
2019-01-30,2681.050048828125,41.050048828125,2722.10009765625
2019-01-31,2704.10009765625,23.050048828125,2727.150146484375
2019-02-01,2706.530029296875,2.429931640625,2708.9599609375
2019-02-04,2724.8701171875,18.340087890625,2743.210205078125
2019-02-05,2737.699951171875,12.829833984375,2750.52978515625
2019-02-06,2731.610107421875,-6.08984375,2725.520263671875
2019-02-07,2706.050048828125,-25.56005859375,2680.489990234375
2019-02-08,2707.8798828125,1.829833984375,2709.709716796875
2019-02-11,2709.800048828125,1.920166015625,2711.72021484375
2019-02-12,2744.72998046875,34.929931640625,2779.659912109375
2019-02-13,2753.030029296875,8.300048828125,2761.330078125
2019-02-14,2745.72998046875,-7.300048828125,2738.429931640625
2019-02-15,2775.60009765625,29.8701171875,2805.47021484375
2019-02-19,2779.760009765625,4.159912109375,2783.919921875
2019-02-20,2784.699951171875,4.93994140625,2789.639892578125
2019-02-21,2774.8798828125,-9.820068359375,2765.059814453125
2019-02-22,2792.669921875,17.7900390625,2810.4599609375
2019-02-25,2796.110107421875,3.440185546875,2799.55029296875
2019-02-26,2793.89990234375,-2.210205078125,2791.689697265625
2019-02-27,2792.3798828125,-1.52001953125,2790.85986328125
2019-02-28,2784.489990234375,-7.889892578125,2776.60009765625
2019-03-01,2803.68994140625,19.199951171875,2822.889892578125
2019-03-04,2792.81005859375,-10.8798828125,2781.93017578125
2019-03-05,2789.64990234375,-3.16015625,2786.48974609375
2019-03-06,2771.449951171875,-18.199951171875,2753.25
2019-03-07,2748.929931640625,-22.52001953125,2726.409912109375
2019-03-08,2743.070068359375,-5.85986328125,2737.210205078125
2019-03-11,2783.300048828125,40.22998046875,2823.530029296875
2019-03-12,2791.52001953125,8.219970703125,2799.739990234375
2019-03-13,2810.919921875,19.39990234375,2830.31982421875
2019-03-14,2808.47998046875,-2.43994140625,2806.0400390625
2019-03-15,2822.47998046875,14.0,2836.47998046875
2019-03-18,2832.93994140625,10.4599609375,2843.39990234375
2019-03-19,2832.570068359375,-0.369873046875,2832.2001953125
2019-03-20,2824.22998046875,-8.340087890625,2815.889892578125
2019-03-21,2854.8798828125,30.64990234375,2885.52978515625
2019-03-22,2800.7099609375,-54.169921875,2746.5400390625
2019-03-25,2798.360107421875,-2.349853515625,2796.01025390625
2019-03-26,2818.4599609375,20.099853515625,2838.559814453125
2019-03-27,2805.3701171875,-13.08984375,2792.2802734375
2019-03-28,2815.43994140625,10.06982421875,2825.509765625
2019-03-29,2834.39990234375,18.9599609375,2853.35986328125
2019-04-01,2867.18994140625,32.7900390625,2899.97998046875
2019-04-02,2867.239990234375,0.050048828125,2867.2900390625
2019-04-03,2873.39990234375,6.159912109375,2879.559814453125
2019-04-04,2879.389892578125,5.989990234375,2885.3798828125
2019-04-05,2892.739990234375,13.35009765625,2906.090087890625
2019-04-08,2895.77001953125,3.030029296875,2898.800048828125
2019-04-09,2878.199951171875,-17.570068359375,2860.6298828125
2019-04-10,2888.2099609375,10.010009765625,2898.219970703125
2019-04-11,2888.320068359375,0.110107421875,2888.43017578125
2019-04-12,2907.409912109375,19.08984375,2926.499755859375
2019-04-15,2905.580078125,-1.829833984375,2903.750244140625
2019-04-16,2907.06005859375,1.47998046875,2908.5400390625
2019-04-17,2900.449951171875,-6.610107421875,2893.83984375
2019-04-18,2905.030029296875,4.580078125,2909.610107421875
2019-04-22,2907.969970703125,2.93994140625,2910.909912109375
2019-04-23,2933.679931640625,25.7099609375,2959.389892578125
2019-04-24,2927.25,-6.429931640625,2920.820068359375
2019-04-25,2926.169921875,-1.080078125,2925.08984375
2019-04-26,2939.8798828125,13.7099609375,2953.58984375
2019-04-29,2943.030029296875,3.150146484375,2946.18017578125
2019-04-30,2945.830078125,2.800048828125,2948.630126953125
2019-05-01,2923.72998046875,-22.10009765625,2901.6298828125
2019-05-02,2917.52001953125,-6.2099609375,2911.31005859375
2019-05-03,2945.639892578125,28.119873046875,2973.759765625
2019-05-06,2932.469970703125,-13.169921875,2919.300048828125
2019-05-07,2884.050048828125,-48.419921875,2835.630126953125
2019-05-08,2879.419921875,-4.630126953125,2874.789794921875
2019-05-09,2870.719970703125,-8.699951171875,2862.02001953125
2019-05-10,2881.39990234375,10.679931640625,2892.079833984375
2019-05-13,2811.8701171875,-69.52978515625,2742.34033203125
2019-05-14,2834.409912109375,22.539794921875,2856.94970703125
2019-05-15,2850.9599609375,16.550048828125,2867.510009765625
2019-05-16,2876.320068359375,25.360107421875,2901.68017578125
2019-05-17,2859.530029296875,-16.7900390625,2842.739990234375
2019-05-20,2840.22998046875,-19.300048828125,2820.929931640625
2019-05-21,2864.360107421875,24.130126953125,2888.490234375
2019-05-22,2856.27001953125,-8.090087890625,2848.179931640625
2019-05-23,2822.239990234375,-34.030029296875,2788.2099609375
2019-05-24,2826.06005859375,3.820068359375,2829.880126953125
2019-05-28,2802.389892578125,-23.670166015625,2778.7197265625
2019-05-29,2783.02001953125,-19.369873046875,2763.650146484375
2019-05-30,2788.860107421875,5.840087890625,2794.7001953125
2019-05-31,2752.06005859375,-36.800048828125,2715.260009765625
2019-06-03,2744.449951171875,-7.610107421875,2736.83984375
2019-06-04,2803.27001953125,58.820068359375,2862.090087890625
2019-06-05,2826.14990234375,22.8798828125,2849.02978515625
2019-06-06,2843.489990234375,17.340087890625,2860.830078125
2019-06-07,2873.340087890625,29.85009765625,2903.190185546875
2019-06-10,2886.72998046875,13.389892578125,2900.119873046875
2019-06-11,2885.719970703125,-1.010009765625,2884.7099609375
2019-06-12,2879.840087890625,-5.8798828125,2873.960205078125
2019-06-13,2891.639892578125,11.7998046875,2903.439697265625
2019-06-14,2886.97998046875,-4.659912109375,2882.320068359375
2019-06-17,2889.669921875,2.68994140625,2892.35986328125
2019-06-18,2917.75,28.080078125,2945.830078125
2019-06-19,2926.4599609375,8.7099609375,2935.169921875
2019-06-20,2954.179931640625,27.719970703125,2981.89990234375
2019-06-21,2950.4599609375,-3.719970703125,2946.739990234375
2019-06-24,2945.35009765625,-5.10986328125,2940.240234375
2019-06-25,2917.3798828125,-27.97021484375,2889.40966796875
2019-06-26,2913.780029296875,-3.599853515625,2910.18017578125
2019-06-27,2924.919921875,11.139892578125,2936.059814453125
2019-06-28,2941.760009765625,16.840087890625,2958.60009765625
2019-07-01,2964.330078125,22.570068359375,2986.900146484375
2019-07-02,2973.010009765625,8.679931640625,2981.68994140625
2019-07-03,2995.820068359375,22.81005859375,3018.630126953125
2019-07-05,2990.409912109375,-5.41015625,2984.999755859375
2019-07-08,2975.949951171875,-14.4599609375,2961.489990234375
2019-07-09,2979.6298828125,3.679931640625,2983.309814453125
2019-07-10,2993.070068359375,13.440185546875,3006.51025390625
2019-07-11,2999.909912109375,6.83984375,3006.749755859375
2019-07-12,3013.77001953125,13.860107421875,3027.630126953125
2019-07-15,3014.300048828125,0.530029296875,3014.830078125
2019-07-16,3004.0400390625,-10.260009765625,2993.780029296875
2019-07-17,2984.419921875,-19.6201171875,2964.7998046875
2019-07-18,2995.110107421875,10.690185546875,3005.80029296875
2019-07-19,2976.610107421875,-18.5,2958.110107421875
2019-07-22,2985.030029296875,8.419921875,2993.449951171875
2019-07-23,3005.469970703125,20.43994140625,3025.909912109375
2019-07-24,3019.56005859375,14.090087890625,3033.650146484375
2019-07-25,3003.669921875,-15.89013671875,2987.77978515625
2019-07-26,3025.860107421875,22.190185546875,3048.05029296875
2019-07-29,3020.969970703125,-4.89013671875,3016.079833984375
2019-07-30,3013.179931640625,-7.7900390625,3005.389892578125
2019-07-31,2980.3798828125,-32.800048828125,2947.579833984375
2019-08-01,2953.56005859375,-26.81982421875,2926.740234375
2019-08-02,2932.050048828125,-21.510009765625,2910.5400390625
2019-08-05,2844.739990234375,-87.31005859375,2757.429931640625
2019-08-06,2881.77001953125,37.030029296875,2918.800048828125
2019-08-07,2883.97998046875,2.2099609375,2886.18994140625
2019-08-08,2938.090087890625,54.110107421875,2992.2001953125
2019-08-09,2918.64990234375,-19.440185546875,2899.209716796875
2019-08-12,2882.699951171875,-35.949951171875,2846.75
2019-08-13,2926.320068359375,43.6201171875,2969.940185546875
2019-08-14,2840.60009765625,-85.719970703125,2754.880126953125
2019-08-15,2847.60009765625,7.0,2854.60009765625
2019-08-16,2888.679931640625,41.079833984375,2929.759765625
2019-08-19,2923.64990234375,34.969970703125,2958.619873046875
2019-08-20,2900.510009765625,-23.139892578125,2877.3701171875
2019-08-21,2924.429931640625,23.919921875,2948.349853515625
2019-08-22,2922.949951171875,-1.47998046875,2921.469970703125
2019-08-23,2847.110107421875,-75.83984375,2771.270263671875
2019-08-26,2878.3798828125,31.269775390625,2909.649658203125
2019-08-27,2869.159912109375,-9.219970703125,2859.93994140625
2019-08-28,2887.93994140625,18.780029296875,2906.719970703125
2019-08-29,2924.580078125,36.64013671875,2961.22021484375
2019-08-30,2926.4599609375,1.8798828125,2928.33984375
2019-09-03,2906.27001953125,-20.18994140625,2886.080078125
2019-09-04,2937.780029296875,31.510009765625,2969.2900390625
2019-09-05,2976.0,38.219970703125,3014.219970703125
2019-09-06,2978.7099609375,2.7099609375,2981.419921875
2019-09-09,2978.429931640625,-0.280029296875,2978.14990234375
2019-09-10,2979.389892578125,0.9599609375,2980.349853515625
2019-09-11,3000.929931640625,21.5400390625,3022.469970703125
2019-09-12,3009.570068359375,8.64013671875,3018.210205078125
2019-09-13,3007.389892578125,-2.18017578125,3005.209716796875
2019-09-16,2997.9599609375,-9.429931640625,2988.530029296875
2019-09-17,3005.699951171875,7.739990234375,3013.43994140625
2019-09-18,3006.72998046875,1.030029296875,3007.760009765625
2019-09-19,3006.7900390625,0.06005859375,3006.85009765625
2019-09-20,2992.070068359375,-14.719970703125,2977.35009765625
2019-09-23,2991.780029296875,-0.2900390625,2991.489990234375
2019-09-24,2966.60009765625,-25.179931640625,2941.420166015625
2019-09-25,2984.8701171875,18.27001953125,3003.14013671875
2019-09-26,2977.6201171875,-7.25,2970.3701171875
2019-09-27,2961.7900390625,-15.830078125,2945.9599609375
2019-09-30,2976.739990234375,14.949951171875,2991.68994140625
2019-10-01,2940.25,-36.489990234375,2903.760009765625
2019-10-02,2887.610107421875,-52.639892578125,2834.97021484375
2019-10-03,2910.6298828125,23.019775390625,2933.649658203125
2019-10-04,2952.010009765625,41.380126953125,2993.39013671875
2019-10-07,2938.7900390625,-13.219970703125,2925.570068359375
2019-10-08,2893.06005859375,-45.72998046875,2847.330078125
2019-10-09,2919.39990234375,26.33984375,2945.73974609375
2019-10-10,2938.1298828125,18.72998046875,2956.85986328125
2019-10-11,2970.27001953125,32.14013671875,3002.41015625
2019-10-14,2966.14990234375,-4.1201171875,2962.02978515625
2019-10-15,2995.679931640625,29.530029296875,3025.2099609375
2019-10-16,2989.68994140625,-5.989990234375,2983.699951171875
2019-10-17,2997.949951171875,8.260009765625,3006.2099609375
2019-10-18,2986.199951171875,-11.75,2974.449951171875
2019-10-21,3006.719970703125,20.52001953125,3027.239990234375
2019-10-22,2995.989990234375,-10.72998046875,2985.260009765625
2019-10-23,3004.52001953125,8.530029296875,3013.050048828125
2019-10-24,3010.2900390625,5.77001953125,3016.06005859375
2019-10-25,3022.550048828125,12.260009765625,3034.81005859375
2019-10-28,3039.419921875,16.869873046875,3056.289794921875
2019-10-29,3036.889892578125,-2.530029296875,3034.35986328125
2019-10-30,3046.77001953125,9.880126953125,3056.650146484375
2019-10-31,3037.56005859375,-9.2099609375,3028.35009765625
2019-11-01,3066.909912109375,29.349853515625,3096.259765625
2019-11-04,3078.27001953125,11.360107421875,3089.630126953125
2019-11-05,3074.6201171875,-3.64990234375,3070.97021484375
2019-11-06,3076.780029296875,2.159912109375,3078.93994140625
2019-11-07,3085.179931640625,8.39990234375,3093.579833984375
2019-11-08,3093.080078125,7.900146484375,3100.980224609375
2019-11-11,3087.010009765625,-6.070068359375,3080.93994140625
2019-11-12,3091.840087890625,4.830078125,3096.670166015625
2019-11-13,3094.0400390625,2.199951171875,3096.239990234375
2019-11-14,3096.6298828125,2.58984375,3099.2197265625
2019-11-15,3120.4599609375,23.830078125,3144.2900390625
2019-11-18,3122.030029296875,1.570068359375,3123.60009765625
2019-11-19,3120.179931640625,-1.85009765625,3118.329833984375
2019-11-20,3108.4599609375,-11.719970703125,3096.739990234375
2019-11-21,3103.5400390625,-4.919921875,3098.6201171875
2019-11-22,3110.2900390625,6.75,3117.0400390625
2019-11-25,3133.639892578125,23.349853515625,3156.98974609375
2019-11-26,3140.52001953125,6.880126953125,3147.400146484375
2019-11-27,3153.6298828125,13.10986328125,3166.73974609375
2019-11-29,3140.97998046875,-12.64990234375,3128.330078125
2019-12-02,3113.8701171875,-27.10986328125,3086.76025390625
2019-12-03,3093.199951171875,-20.670166015625,3072.52978515625
2019-12-04,3112.760009765625,19.56005859375,3132.320068359375
2019-12-05,3117.429931640625,4.669921875,3122.099853515625
2019-12-06,3145.909912109375,28.47998046875,3174.389892578125
2019-12-09,3135.9599609375,-9.949951171875,3126.010009765625
2019-12-10,3132.52001953125,-3.43994140625,3129.080078125
2019-12-11,3141.6298828125,9.10986328125,3150.73974609375
2019-12-12,3168.570068359375,26.940185546875,3195.51025390625
2019-12-13,3168.800048828125,0.22998046875,3169.030029296875
2019-12-16,3191.449951171875,22.64990234375,3214.099853515625
2019-12-17,3192.52001953125,1.070068359375,3193.590087890625
2019-12-18,3191.139892578125,-1.380126953125,3189.759765625
2019-12-19,3205.3701171875,14.230224609375,3219.600341796875
2019-12-20,3221.219970703125,15.849853515625,3237.06982421875
2019-12-23,3224.010009765625,2.7900390625,3226.800048828125
2019-12-24,3223.3798828125,-0.630126953125,3222.749755859375
2019-12-26,3239.909912109375,16.530029296875,3256.43994140625
2019-12-27,3240.02001953125,0.110107421875,3240.130126953125
2019-12-30,3221.2900390625,-18.72998046875,3202.56005859375
2019-12-31,3230.780029296875,9.489990234375,3240.27001953125
2020-01-02,3257.85009765625,27.070068359375,3284.920166015625
2020-01-03,3234.85009765625,-23.0,3211.85009765625
2020-01-06,3246.280029296875,11.429931640625,3257.7099609375
2020-01-07,3237.179931640625,-9.10009765625,3228.079833984375
2020-01-08,3253.050048828125,15.8701171875,3268.920166015625
2020-01-09,3274.699951171875,21.64990234375,3296.349853515625
2020-01-10,3265.35009765625,-9.349853515625,3256.000244140625
2020-01-13,3288.1298828125,22.77978515625,3310.90966796875
2020-01-14,3283.14990234375,-4.97998046875,3278.169921875
2020-01-15,3289.2900390625,6.14013671875,3295.43017578125
2020-01-16,3316.81005859375,27.52001953125,3344.330078125
2020-01-17,3329.6201171875,12.81005859375,3342.43017578125
2020-01-21,3320.7900390625,-8.830078125,3311.9599609375
2020-01-22,3321.75,0.9599609375,3322.7099609375
2020-01-23,3325.5400390625,3.7900390625,3329.330078125
2020-01-24,3295.469970703125,-30.070068359375,3265.39990234375
2020-01-27,3243.6298828125,-51.840087890625,3191.789794921875
2020-01-28,3276.239990234375,32.610107421875,3308.85009765625
2020-01-29,3273.39990234375,-2.840087890625,3270.559814453125
2020-01-30,3283.659912109375,10.260009765625,3293.919921875
2020-01-31,3225.52001953125,-58.139892578125,3167.380126953125
2020-02-03,3248.919921875,23.39990234375,3272.31982421875
2020-02-04,3297.590087890625,48.670166015625,3346.26025390625
2020-02-05,3334.68994140625,37.099853515625,3371.789794921875
2020-02-06,3345.780029296875,11.090087890625,3356.8701171875
2020-02-07,3327.7099609375,-18.070068359375,3309.639892578125
2020-02-10,3352.090087890625,24.380126953125,3376.47021484375
2020-02-11,3357.75,5.659912109375,3363.409912109375
2020-02-12,3379.449951171875,21.699951171875,3401.14990234375
2020-02-13,3373.93994140625,-5.510009765625,3368.429931640625
2020-02-14,3380.159912109375,6.219970703125,3386.3798828125
2020-02-18,3370.2900390625,-9.869873046875,3360.420166015625
2020-02-19,3386.14990234375,15.85986328125,3402.009765625
2020-02-20,3373.22998046875,-12.919921875,3360.31005859375
2020-02-21,3337.75,-35.47998046875,3302.27001953125
2020-02-24,3225.889892578125,-111.860107421875,3114.02978515625
2020-02-25,3128.2099609375,-97.679931640625,3030.530029296875
2020-02-26,3116.389892578125,-11.820068359375,3104.56982421875
2020-02-27,2978.760009765625,-137.6298828125,2841.130126953125
2020-02-28,2954.219970703125,-24.5400390625,2929.679931640625
2020-03-02,3090.22998046875,136.010009765625,3226.239990234375
2020-03-03,3003.3701171875,-86.85986328125,2916.51025390625
2020-03-04,3130.1201171875,126.75,3256.8701171875
2020-03-05,3023.93994140625,-106.18017578125,2917.759765625
2020-03-06,2972.3701171875,-51.56982421875,2920.80029296875
2020-03-09,2746.56005859375,-225.81005859375,2520.75
2020-03-10,2882.22998046875,135.669921875,3017.89990234375
2020-03-11,2741.3798828125,-140.85009765625,2600.52978515625
2020-03-12,2480.639892578125,-260.739990234375,2219.89990234375
2020-03-13,2711.02001953125,230.380126953125,2941.400146484375
2020-03-16,2386.1298828125,-324.89013671875,2061.23974609375
2020-03-17,2529.18994140625,143.06005859375,2672.25
2020-03-18,2398.10009765625,-131.08984375,2267.01025390625
2020-03-19,2409.389892578125,11.289794921875,2420.6796875
2020-03-20,2304.919921875,-104.469970703125,2200.449951171875
2020-03-23,2237.39990234375,-67.52001953125,2169.8798828125
2020-03-24,2447.330078125,209.93017578125,2657.26025390625
2020-03-25,2475.56005859375,28.22998046875,2503.7900390625
2020-03-26,2630.070068359375,154.510009765625,2784.580078125
2020-03-27,2541.469970703125,-88.60009765625,2452.869873046875
2020-03-30,2626.64990234375,85.179931640625,2711.829833984375
2020-03-31,2584.590087890625,-42.059814453125,2542.5302734375
2020-04-01,2470.5,-114.090087890625,2356.409912109375
2020-04-02,2526.89990234375,56.39990234375,2583.2998046875
2020-04-03,2488.64990234375,-38.25,2450.39990234375
2020-04-06,2663.679931640625,175.030029296875,2838.7099609375
2020-04-07,2659.409912109375,-4.27001953125,2655.139892578125
2020-04-08,2749.97998046875,90.570068359375,2840.550048828125
2020-04-09,2789.820068359375,39.840087890625,2829.66015625
2020-04-13,2761.6298828125,-28.190185546875,2733.439697265625
2020-04-14,2846.06005859375,84.43017578125,2930.490234375
2020-04-15,2783.360107421875,-62.699951171875,2720.66015625
2020-04-16,2799.550048828125,16.18994140625,2815.739990234375
2020-04-17,2874.56005859375,75.010009765625,2949.570068359375
2020-04-20,2823.159912109375,-51.400146484375,2771.759765625
2020-04-21,2736.56005859375,-86.599853515625,2649.960205078125
2020-04-22,2799.31005859375,62.75,2862.06005859375
2020-04-23,2797.800048828125,-1.510009765625,2796.2900390625
2020-04-24,2836.739990234375,38.93994140625,2875.679931640625
2020-04-27,2878.47998046875,41.739990234375,2920.219970703125
2020-04-28,2863.389892578125,-15.090087890625,2848.2998046875
2020-04-29,2939.510009765625,76.1201171875,3015.630126953125
2020-04-30,2912.429931640625,-27.080078125,2885.349853515625
2020-05-01,2830.7099609375,-81.719970703125,2748.989990234375
2020-05-04,2842.739990234375,12.030029296875,2854.77001953125
2020-05-05,2868.43994140625,25.699951171875,2894.139892578125
2020-05-06,2848.419921875,-20.02001953125,2828.39990234375
2020-05-07,2881.18994140625,32.77001953125,2913.9599609375
2020-05-08,2929.800048828125,48.610107421875,2978.41015625
2020-05-11,2930.18994140625,0.389892578125,2930.579833984375
2020-05-12,2870.1201171875,-60.06982421875,2810.05029296875
2020-05-13,2820.0,-50.1201171875,2769.8798828125
2020-05-14,2852.5,32.5,2885.0
2020-05-15,2863.699951171875,11.199951171875,2874.89990234375
2020-05-18,2953.909912109375,90.2099609375,3044.119873046875
2020-05-19,2922.93994140625,-30.969970703125,2891.969970703125
2020-05-20,2971.610107421875,48.670166015625,3020.2802734375
2020-05-21,2948.510009765625,-23.10009765625,2925.409912109375
2020-05-22,2955.449951171875,6.93994140625,2962.389892578125
2020-05-26,2991.77001953125,36.320068359375,3028.090087890625
2020-05-27,3036.1298828125,44.35986328125,3080.48974609375
2020-05-28,3029.72998046875,-6.39990234375,3023.330078125
2020-05-29,3044.31005859375,14.580078125,3058.89013671875
2020-06-01,3055.72998046875,11.419921875,3067.14990234375
2020-06-02,3080.820068359375,25.090087890625,3105.91015625
2020-06-03,3122.8701171875,42.050048828125,3164.920166015625
2020-06-04,3112.35009765625,-10.52001953125,3101.830078125
2020-06-05,3193.929931640625,81.579833984375,3275.509765625
2020-06-08,3232.389892578125,38.4599609375,3270.849853515625
2020-06-09,3207.179931640625,-25.2099609375,3181.969970703125
2020-06-10,3190.139892578125,-17.0400390625,3173.099853515625
2020-06-11,3002.10009765625,-188.039794921875,2814.060302734375
2020-06-12,3041.31005859375,39.2099609375,3080.52001953125
2020-06-15,3066.590087890625,25.280029296875,3091.8701171875
2020-06-16,3124.739990234375,58.14990234375,3182.889892578125
2020-06-17,3113.489990234375,-11.25,3102.239990234375
2020-06-18,3115.340087890625,1.85009765625,3117.190185546875
2020-06-19,3097.739990234375,-17.60009765625,3080.139892578125
2020-06-22,3117.860107421875,20.1201171875,3137.980224609375
2020-06-23,3131.2900390625,13.429931640625,3144.719970703125
2020-06-24,3050.330078125,-80.9599609375,2969.3701171875
2020-06-25,3083.760009765625,33.429931640625,3117.18994140625
2020-06-26,3009.050048828125,-74.7099609375,2934.340087890625
2020-06-29,3053.239990234375,44.18994140625,3097.429931640625
2020-06-30,3100.2900390625,47.050048828125,3147.340087890625
2020-07-01,3115.860107421875,15.570068359375,3131.43017578125
2020-07-02,3130.010009765625,14.14990234375,3144.159912109375
2020-07-06,3179.719970703125,49.7099609375,3229.429931640625
2020-07-07,3145.320068359375,-34.39990234375,3110.920166015625
2020-07-08,3169.93994140625,24.619873046875,3194.559814453125
2020-07-09,3152.050048828125,-17.889892578125,3134.16015625
2020-07-10,3185.0400390625,32.989990234375,3218.030029296875
2020-07-13,3155.219970703125,-29.820068359375,3125.39990234375
2020-07-14,3197.52001953125,42.300048828125,3239.820068359375
2020-07-15,3226.56005859375,29.0400390625,3255.60009765625
2020-07-16,3215.570068359375,-10.989990234375,3204.580078125
2020-07-17,3224.72998046875,9.159912109375,3233.889892578125
2020-07-20,3251.840087890625,27.110107421875,3278.9501953125
2020-07-21,3257.300048828125,5.4599609375,3262.760009765625
2020-07-22,3276.02001953125,18.719970703125,3294.739990234375
2020-07-23,3235.659912109375,-40.360107421875,3195.2998046875
2020-07-24,3215.6298828125,-20.030029296875,3195.599853515625
2020-07-27,3239.409912109375,23.780029296875,3263.18994140625
2020-07-28,3218.43994140625,-20.969970703125,3197.469970703125
2020-07-29,3258.43994140625,40.0,3298.43994140625
2020-07-30,3246.219970703125,-12.219970703125,3234.0
2020-07-31,3271.1201171875,24.900146484375,3296.020263671875
2020-08-03,3294.610107421875,23.489990234375,3318.10009765625
2020-08-04,3306.510009765625,11.89990234375,3318.409912109375
2020-08-05,3327.77001953125,21.260009765625,3349.030029296875
2020-08-06,3349.159912109375,21.389892578125,3370.5498046875
2020-08-07,3351.280029296875,2.1201171875,3353.400146484375
2020-08-10,3360.469970703125,9.18994140625,3369.659912109375
2020-08-11,3333.68994140625,-26.780029296875,3306.909912109375
2020-08-12,3380.35009765625,46.66015625,3427.01025390625
2020-08-13,3373.429931640625,-6.920166015625,3366.509765625
2020-08-14,3372.85009765625,-0.579833984375,3372.270263671875
2020-08-17,3381.989990234375,9.139892578125,3391.1298828125
2020-08-18,3389.780029296875,7.7900390625,3397.570068359375
2020-08-19,3374.85009765625,-14.929931640625,3359.920166015625
2020-08-20,3385.510009765625,10.659912109375,3396.169921875
2020-08-21,3397.159912109375,11.64990234375,3408.809814453125
2020-08-24,3431.280029296875,34.1201171875,3465.400146484375
2020-08-25,3443.6201171875,12.340087890625,3455.960205078125
2020-08-26,3478.72998046875,35.10986328125,3513.83984375
2020-08-27,3484.550048828125,5.820068359375,3490.3701171875
2020-08-28,3508.010009765625,23.4599609375,3531.469970703125
2020-08-31,3500.31005859375,-7.699951171875,3492.610107421875
2020-09-01,3526.64990234375,26.33984375,3552.98974609375
2020-09-02,3580.840087890625,54.190185546875,3635.0302734375
2020-09-03,3455.06005859375,-125.780029296875,3329.280029296875
2020-09-04,3426.9599609375,-28.10009765625,3398.85986328125
2020-09-08,3331.840087890625,-95.119873046875,3236.72021484375
2020-09-09,3398.9599609375,67.119873046875,3466.079833984375
2020-09-10,3339.18994140625,-59.77001953125,3279.419921875
2020-09-11,3340.969970703125,1.780029296875,3342.75
2020-09-14,3383.5400390625,42.570068359375,3426.110107421875
2020-09-15,3401.199951171875,17.659912109375,3418.85986328125
2020-09-16,3385.489990234375,-15.7099609375,3369.780029296875
2020-09-17,3357.010009765625,-28.47998046875,3328.530029296875
2020-09-18,3319.469970703125,-37.5400390625,3281.929931640625
2020-09-21,3281.06005859375,-38.409912109375,3242.650146484375
2020-09-22,3315.570068359375,34.510009765625,3350.080078125
2020-09-23,3236.919921875,-78.650146484375,3158.269775390625
2020-09-24,3246.590087890625,9.670166015625,3256.26025390625
2020-09-25,3298.4599609375,51.869873046875,3350.329833984375
2020-09-28,3351.60009765625,53.14013671875,3404.740234375
2020-09-29,3335.469970703125,-16.130126953125,3319.33984375
2020-09-30,3363.0,27.530029296875,3390.530029296875
2020-10-01,3380.800048828125,17.800048828125,3398.60009765625
2020-10-02,3348.419921875,-32.380126953125,3316.039794921875
2020-10-05,3408.60009765625,60.18017578125,3468.7802734375
2020-10-06,3360.969970703125,-47.630126953125,3313.33984375
2020-10-07,3419.43994140625,58.469970703125,3477.909912109375
2020-10-08,3446.830078125,27.39013671875,3474.22021484375
2020-10-09,3477.139892578125,30.309814453125,3507.44970703125
2020-10-12,3534.219970703125,57.080078125,3591.300048828125
2020-10-13,3511.929931640625,-22.2900390625,3489.639892578125
2020-10-14,3488.669921875,-23.260009765625,3465.409912109375
2020-10-15,3483.340087890625,-5.329833984375,3478.01025390625
2020-10-16,3483.81005859375,0.469970703125,3484.280029296875
2020-10-19,3426.919921875,-56.89013671875,3370.02978515625
2020-10-20,3443.1201171875,16.2001953125,3459.3203125
2020-10-21,3435.56005859375,-7.56005859375,3428.0
2020-10-22,3453.489990234375,17.929931640625,3471.419921875
2020-10-23,3465.389892578125,11.89990234375,3477.289794921875
2020-10-26,3400.969970703125,-64.419921875,3336.550048828125
2020-10-27,3390.679931640625,-10.2900390625,3380.389892578125
2020-10-28,3271.030029296875,-119.64990234375,3151.380126953125
2020-10-29,3310.110107421875,39.080078125,3349.190185546875
2020-10-30,3269.9599609375,-40.150146484375,3229.809814453125
2020-11-02,3310.239990234375,40.280029296875,3350.52001953125
2020-11-03,3369.159912109375,58.919921875,3428.079833984375
2020-11-04,3443.43994140625,74.280029296875,3517.719970703125
2020-11-05,3510.449951171875,67.010009765625,3577.4599609375
2020-11-06,3509.43994140625,-1.010009765625,3508.429931640625
2020-11-09,3550.5,41.06005859375,3591.56005859375
2020-11-10,3545.530029296875,-4.969970703125,3540.56005859375
2020-11-11,3572.659912109375,27.1298828125,3599.789794921875
2020-11-12,3537.010009765625,-35.64990234375,3501.360107421875
2020-11-13,3585.14990234375,48.139892578125,3633.289794921875
2020-11-16,3626.909912109375,41.760009765625,3668.669921875
2020-11-17,3609.530029296875,-17.3798828125,3592.150146484375
2020-11-18,3567.7900390625,-41.739990234375,3526.050048828125
2020-11-19,3581.8701171875,14.080078125,3595.9501953125
2020-11-20,3557.5400390625,-24.330078125,3533.2099609375
2020-11-23,3577.590087890625,20.050048828125,3597.64013671875
2020-11-24,3635.409912109375,57.81982421875,3693.229736328125
2020-11-25,3629.64990234375,-5.760009765625,3623.889892578125
2020-11-27,3638.35009765625,8.7001953125,3647.05029296875
2020-11-30,3621.6298828125,-16.72021484375,3604.90966796875
2020-12-01,3662.449951171875,40.820068359375,3703.27001953125
2020-12-02,3669.010009765625,6.56005859375,3675.570068359375
2020-12-03,3666.719970703125,-2.2900390625,3664.429931640625
2020-12-04,3699.1201171875,32.400146484375,3731.520263671875
2020-12-07,3691.9599609375,-7.16015625,3684.7998046875
2020-12-08,3702.25,10.2900390625,3712.5400390625
2020-12-09,3672.820068359375,-29.429931640625,3643.39013671875
2020-12-10,3668.10009765625,-4.719970703125,3663.380126953125
2020-12-11,3663.4599609375,-4.64013671875,3658.81982421875
2020-12-14,3647.489990234375,-15.969970703125,3631.52001953125
2020-12-15,3694.6201171875,47.130126953125,3741.750244140625
2020-12-16,3701.169921875,6.5498046875,3707.7197265625
2020-12-17,3722.47998046875,21.31005859375,3743.7900390625
2020-12-18,3709.409912109375,-13.070068359375,3696.33984375
2020-12-21,3694.919921875,-14.489990234375,3680.429931640625
2020-12-22,3687.260009765625,-7.659912109375,3679.60009765625
2020-12-23,3690.010009765625,2.75,3692.760009765625
2020-12-24,3703.06005859375,13.050048828125,3716.110107421875
2020-12-28,3735.360107421875,32.300048828125,3767.66015625
2020-12-29,3727.0400390625,-8.320068359375,3718.719970703125
2020-12-30,3732.0400390625,5.0,3737.0400390625
2020-12-31,3756.070068359375,24.030029296875,3780.10009765625
2021-01-04,3700.64990234375,-55.420166015625,3645.229736328125
2021-01-05,3726.860107421875,26.210205078125,3753.0703125
2021-01-06,3748.139892578125,21.27978515625,3769.419677734375
2021-01-07,3803.7900390625,55.650146484375,3859.440185546875
2021-01-08,3824.679931640625,20.889892578125,3845.56982421875
2021-01-11,3799.610107421875,-25.06982421875,3774.540283203125
2021-01-12,3801.18994140625,1.579833984375,3802.769775390625
2021-01-13,3809.840087890625,8.650146484375,3818.490234375
2021-01-14,3795.5400390625,-14.300048828125,3781.239990234375
2021-01-15,3768.25,-27.2900390625,3740.9599609375
2021-01-19,3798.909912109375,30.659912109375,3829.56982421875
2021-01-20,3851.85009765625,52.940185546875,3904.790283203125
2021-01-21,3853.070068359375,1.219970703125,3854.2900390625
2021-01-22,3841.469970703125,-11.60009765625,3829.869873046875
2021-01-25,3855.360107421875,13.89013671875,3869.250244140625
2021-01-26,3849.6201171875,-5.739990234375,3843.880126953125
2021-01-27,3750.77001953125,-98.85009765625,3651.919921875
2021-01-28,3787.3798828125,36.60986328125,3823.98974609375
2021-01-29,3714.239990234375,-73.139892578125,3641.10009765625
2021-02-01,3773.860107421875,59.6201171875,3833.480224609375
2021-02-02,3826.31005859375,52.449951171875,3878.760009765625
2021-02-03,3830.169921875,3.85986328125,3834.02978515625
2021-02-04,3871.739990234375,41.570068359375,3913.31005859375
2021-02-05,3886.830078125,15.090087890625,3901.920166015625
2021-02-08,3915.590087890625,28.760009765625,3944.35009765625
2021-02-09,3911.22998046875,-4.360107421875,3906.869873046875
2021-02-10,3909.8798828125,-1.35009765625,3908.52978515625
2021-02-11,3916.3798828125,6.5,3922.8798828125
2021-02-12,3934.830078125,18.4501953125,3953.2802734375
2021-02-16,3932.590087890625,-2.239990234375,3930.35009765625
2021-02-17,3931.330078125,-1.260009765625,3930.070068359375
2021-02-18,3913.969970703125,-17.360107421875,3896.60986328125
2021-02-19,3906.7099609375,-7.260009765625,3899.449951171875
2021-02-22,3876.5,-30.2099609375,3846.2900390625
2021-02-23,3881.3701171875,4.8701171875,3886.240234375
2021-02-24,3925.429931640625,44.059814453125,3969.48974609375
2021-02-25,3829.340087890625,-96.08984375,3733.250244140625
2021-02-26,3811.14990234375,-18.190185546875,3792.959716796875
2021-03-01,3901.820068359375,90.670166015625,3992.490234375
2021-03-02,3870.2900390625,-31.530029296875,3838.760009765625
2021-03-03,3819.719970703125,-50.570068359375,3769.14990234375
2021-03-04,3768.469970703125,-51.25,3717.219970703125
2021-03-05,3841.93994140625,73.469970703125,3915.409912109375
2021-03-08,3821.35009765625,-20.58984375,3800.76025390625
2021-03-09,3875.43994140625,54.08984375,3929.52978515625
2021-03-10,3898.81005859375,23.3701171875,3922.18017578125
2021-03-11,3939.340087890625,40.530029296875,3979.8701171875
2021-03-12,3943.340087890625,4.0,3947.340087890625
2021-03-15,3968.93994140625,25.599853515625,3994.539794921875
2021-03-16,3962.7099609375,-6.22998046875,3956.47998046875
2021-03-17,3974.1201171875,11.41015625,3985.5302734375
2021-03-18,3915.4599609375,-58.66015625,3856.7998046875
2021-03-19,3913.10009765625,-2.35986328125,3910.740234375
2021-03-22,3940.590087890625,27.489990234375,3968.080078125
2021-03-23,3910.52001953125,-30.070068359375,3880.449951171875
2021-03-24,3889.139892578125,-21.380126953125,3867.759765625
2021-03-25,3909.52001953125,20.380126953125,3929.900146484375
2021-03-26,3974.5400390625,65.02001953125,4039.56005859375
2021-03-29,3971.090087890625,-3.449951171875,3967.64013671875
2021-03-30,3958.550048828125,-12.5400390625,3946.010009765625
2021-03-31,3972.889892578125,14.33984375,3987.229736328125
2021-04-01,4019.8701171875,46.980224609375,4066.850341796875
2021-04-05,4077.909912109375,58.039794921875,4135.94970703125
2021-04-06,4073.93994140625,-3.969970703125,4069.969970703125
2021-04-07,4079.949951171875,6.010009765625,4085.9599609375
2021-04-08,4097.169921875,17.219970703125,4114.389892578125
2021-04-09,4128.7998046875,31.6298828125,4160.4296875
2021-04-12,4127.990234375,-0.8095703125,4127.1806640625
2021-04-13,4141.58984375,13.599609375,4155.189453125
2021-04-14,4124.66015625,-16.9296875,4107.73046875
2021-04-15,4170.419921875,45.759765625,4216.1796875
2021-04-16,4185.47021484375,15.05029296875,4200.5205078125
2021-04-19,4163.259765625,-22.21044921875,4141.04931640625
2021-04-20,4134.93994140625,-28.31982421875,4106.6201171875
2021-04-21,4173.419921875,38.47998046875,4211.89990234375
2021-04-22,4134.97998046875,-38.43994140625,4096.5400390625
2021-04-23,4180.169921875,45.18994140625,4225.35986328125
2021-04-26,4187.6201171875,7.4501953125,4195.0703125
2021-04-27,4186.72021484375,-0.89990234375,4185.8203125
2021-04-28,4183.18017578125,-3.5400390625,4179.64013671875
2021-04-29,4211.47021484375,28.2900390625,4239.76025390625
2021-04-30,4181.169921875,-30.30029296875,4150.86962890625
2021-05-03,4192.66015625,11.490234375,4204.150390625
2021-05-04,4164.66015625,-28.0,4136.66015625
2021-05-05,4167.58984375,2.9296875,4170.51953125
2021-05-06,4201.6201171875,34.0302734375,4235.650390625
2021-05-07,4232.60009765625,30.97998046875,4263.580078125
2021-05-10,4188.43017578125,-44.169921875,4144.26025390625
2021-05-11,4152.10009765625,-36.330078125,4115.77001953125
2021-05-12,4063.0400390625,-89.06005859375,3973.97998046875
2021-05-13,4112.5,49.4599609375,4161.9599609375
2021-05-14,4173.85009765625,61.35009765625,4235.2001953125
2021-05-17,4163.2900390625,-10.56005859375,4152.72998046875
2021-05-18,4127.830078125,-35.4599609375,4092.3701171875
2021-05-19,4115.68017578125,-12.14990234375,4103.5302734375
2021-05-20,4159.1201171875,43.43994140625,4202.56005859375
2021-05-21,4155.85986328125,-3.26025390625,4152.599609375
2021-05-24,4197.0498046875,41.18994140625,4238.23974609375
2021-05-25,4188.1298828125,-8.919921875,4179.2099609375
2021-05-26,4195.990234375,7.8603515625,4203.8505859375
2021-05-27,4200.8798828125,4.8896484375,4205.76953125
2021-05-28,4204.10986328125,3.22998046875,4207.33984375
2021-06-01,4202.0400390625,-2.06982421875,4199.97021484375
2021-06-02,4208.1201171875,6.080078125,4214.2001953125
2021-06-03,4192.85009765625,-15.27001953125,4177.580078125
2021-06-04,4229.89013671875,37.0400390625,4266.93017578125
2021-06-07,4226.52001953125,-3.3701171875,4223.14990234375
2021-06-08,4227.259765625,0.73974609375,4227.99951171875
2021-06-09,4219.5498046875,-7.7099609375,4211.83984375
2021-06-10,4239.18017578125,19.63037109375,4258.810546875
2021-06-11,4247.43994140625,8.259765625,4255.69970703125
2021-06-14,4255.14990234375,7.7099609375,4262.85986328125
2021-06-15,4246.58984375,-8.56005859375,4238.02978515625
2021-06-16,4223.7001953125,-22.8896484375,4200.810546875
2021-06-17,4221.85986328125,-1.84033203125,4220.01953125
2021-06-18,4166.4501953125,-55.40966796875,4111.04052734375
2021-06-21,4224.7900390625,58.33984375,4283.1298828125
2021-06-22,4246.43994140625,21.64990234375,4268.08984375
2021-06-23,4241.83984375,-4.60009765625,4237.23974609375
2021-06-24,4266.490234375,24.650390625,4291.140625
2021-06-25,4280.7001953125,14.2099609375,4294.91015625
2021-06-28,4290.60986328125,9.90966796875,4300.51953125
2021-06-29,4291.7998046875,1.18994140625,4292.98974609375
2021-06-30,4297.5,5.7001953125,4303.2001953125
2021-07-01,4319.93994140625,22.43994140625,4342.3798828125
2021-07-02,4352.33984375,32.39990234375,4384.73974609375
2021-07-06,4343.5400390625,-8.7998046875,4334.740234375
2021-07-07,4358.1298828125,14.58984375,4372.7197265625
2021-07-08,4320.81982421875,-37.31005859375,4283.509765625
2021-07-09,4369.5498046875,48.72998046875,4418.27978515625
2021-07-12,4384.6298828125,15.080078125,4399.7099609375
2021-07-13,4369.2099609375,-15.419921875,4353.7900390625
2021-07-14,4374.2998046875,5.08984375,4379.3896484375
2021-07-15,4360.02978515625,-14.27001953125,4345.759765625
2021-07-16,4327.16015625,-32.86962890625,4294.29052734375
2021-07-19,4258.490234375,-68.669921875,4189.8203125
2021-07-20,4323.06005859375,64.56982421875,4387.6298828125
2021-07-21,4358.68994140625,35.6298828125,4394.31982421875
2021-07-22,4367.47998046875,8.7900390625,4376.27001953125
2021-07-23,4411.7900390625,44.31005859375,4456.10009765625
2021-07-26,4422.2998046875,10.509765625,4432.8095703125
2021-07-27,4401.4599609375,-20.83984375,4380.6201171875
2021-07-28,4400.64013671875,-0.81982421875,4399.8203125
2021-07-29,4419.14990234375,18.509765625,4437.65966796875
2021-07-30,4395.259765625,-23.89013671875,4371.36962890625
2021-08-02,4387.16015625,-8.099609375,4379.060546875
2021-08-03,4423.14990234375,35.98974609375,4459.1396484375
2021-08-04,4402.66015625,-20.48974609375,4382.17041015625
2021-08-05,4429.10009765625,26.43994140625,4455.5400390625
2021-08-06,4436.52001953125,7.419921875,4443.93994140625
2021-08-09,4432.35009765625,-4.169921875,4428.18017578125
2021-08-10,4436.75,4.39990234375,4441.14990234375
2021-08-11,4442.41015625,5.66015625,4448.0703125
2021-08-12,4460.830078125,18.419921875,4479.25
2021-08-13,4468.0,7.169921875,4475.169921875
2021-08-16,4479.7099609375,11.7099609375,4491.419921875
2021-08-17,4448.080078125,-31.6298828125,4416.4501953125
2021-08-18,4400.27001953125,-47.81005859375,4352.4599609375
2021-08-19,4405.7998046875,5.52978515625,4411.32958984375
2021-08-20,4441.669921875,35.8701171875,4477.5400390625
2021-08-23,4479.52978515625,37.85986328125,4517.3896484375
2021-08-24,4486.22998046875,6.7001953125,4492.93017578125
2021-08-25,4496.18994140625,9.9599609375,4506.14990234375
2021-08-26,4470.0,-26.18994140625,4443.81005859375
2021-08-27,4509.3701171875,39.3701171875,4548.740234375
2021-08-30,4528.7900390625,19.419921875,4548.2099609375
2021-08-31,4522.68017578125,-6.10986328125,4516.5703125
2021-09-01,4524.08984375,1.40966796875,4525.49951171875
2021-09-02,4536.9501953125,12.8603515625,4549.810546875
2021-09-03,4535.43017578125,-1.52001953125,4533.91015625
2021-09-07,4520.02978515625,-15.400390625,4504.62939453125
2021-09-08,4514.06982421875,-5.9599609375,4508.10986328125
2021-09-09,4493.27978515625,-20.7900390625,4472.48974609375
2021-09-10,4458.580078125,-34.69970703125,4423.88037109375
2021-09-13,4468.72998046875,10.14990234375,4478.8798828125
2021-09-14,4443.0498046875,-25.68017578125,4417.36962890625
2021-09-15,4480.7001953125,37.650390625,4518.3505859375
2021-09-16,4473.75,-6.9501953125,4466.7998046875
2021-09-17,4432.990234375,-40.759765625,4392.23046875
2021-09-20,4357.72998046875,-75.26025390625,4282.4697265625
2021-09-21,4354.18994140625,-3.5400390625,4350.64990234375
2021-09-22,4395.64013671875,41.4501953125,4437.09033203125
2021-09-23,4448.97998046875,53.33984375,4502.31982421875
2021-09-24,4455.47998046875,6.5,4461.97998046875
2021-09-27,4443.10986328125,-12.3701171875,4430.73974609375
2021-09-28,4352.6298828125,-90.47998046875,4262.14990234375
2021-09-29,4359.4599609375,6.830078125,4366.2900390625
2021-09-30,4307.5400390625,-51.919921875,4255.6201171875
2021-10-01,4357.0400390625,49.5,4406.5400390625
2021-10-04,4300.4599609375,-56.580078125,4243.8798828125
2021-10-05,4345.72021484375,45.26025390625,4390.98046875
2021-10-06,4363.5498046875,17.82958984375,4381.37939453125
2021-10-07,4399.759765625,36.2099609375,4435.9697265625
2021-10-08,4391.33984375,-8.419921875,4382.919921875
2021-10-11,4361.18994140625,-30.14990234375,4331.0400390625
2021-10-12,4350.64990234375,-10.5400390625,4340.10986328125
2021-10-13,4363.7998046875,13.14990234375,4376.94970703125
2021-10-14,4438.259765625,74.4599609375,4512.7197265625
2021-10-15,4471.3701171875,33.1103515625,4504.48046875
2021-10-18,4486.4599609375,15.08984375,4501.5498046875
2021-10-19,4519.6298828125,33.169921875,4552.7998046875
2021-10-20,4536.18994140625,16.56005859375,4552.75
2021-10-21,4549.77978515625,13.58984375,4563.36962890625
2021-10-22,4544.89990234375,-4.8798828125,4540.02001953125
2021-10-25,4566.47998046875,21.580078125,4588.06005859375
2021-10-26,4574.7900390625,8.31005859375,4583.10009765625
2021-10-27,4551.68017578125,-23.10986328125,4528.5703125
2021-10-28,4596.419921875,44.73974609375,4641.15966796875
2021-10-29,4605.3798828125,8.9599609375,4614.33984375
2021-11-01,4613.669921875,8.2900390625,4621.9599609375
2021-11-02,4630.64990234375,16.97998046875,4647.6298828125
2021-11-03,4660.56982421875,29.919921875,4690.48974609375
2021-11-04,4680.06005859375,19.490234375,4699.55029296875
2021-11-05,4697.52978515625,17.4697265625,4714.99951171875
2021-11-08,4701.7001953125,4.17041015625,4705.87060546875
2021-11-09,4685.25,-16.4501953125,4668.7998046875
2021-11-10,4646.7099609375,-38.5400390625,4608.169921875
2021-11-11,4649.27001953125,2.56005859375,4651.830078125
2021-11-12,4682.85009765625,33.580078125,4716.43017578125
2021-11-15,4682.7998046875,-0.05029296875,4682.74951171875
2021-11-16,4700.89990234375,18.10009765625,4719.0
2021-11-17,4688.669921875,-12.22998046875,4676.43994140625
2021-11-18,4704.5400390625,15.8701171875,4720.41015625
2021-11-19,4697.9599609375,-6.580078125,4691.3798828125
2021-11-22,4682.93994140625,-15.02001953125,4667.919921875
2021-11-23,4690.7001953125,7.76025390625,4698.46044921875
2021-11-24,4701.4599609375,10.759765625,4712.2197265625
2021-11-26,4594.6201171875,-106.83984375,4487.7802734375
2021-11-29,4655.27001953125,60.64990234375,4715.919921875
2021-11-30,4567.0,-88.27001953125,4478.72998046875
2021-12-01,4513.0400390625,-53.9599609375,4459.080078125
2021-12-02,4577.10009765625,64.06005859375,4641.16015625
2021-12-03,4538.43017578125,-38.669921875,4499.76025390625
2021-12-06,4591.669921875,53.23974609375,4644.90966796875
2021-12-07,4686.75,95.080078125,4781.830078125
2021-12-08,4701.2099609375,14.4599609375,4715.669921875
2021-12-09,4667.4501953125,-33.759765625,4633.6904296875
2021-12-10,4712.02001953125,44.56982421875,4756.58984375
2021-12-13,4668.97021484375,-43.0498046875,4625.92041015625
2021-12-14,4634.08984375,-34.88037109375,4599.20947265625
2021-12-15,4709.85009765625,75.76025390625,4785.6103515625
2021-12-16,4668.669921875,-41.18017578125,4627.48974609375
2021-12-17,4620.64013671875,-48.02978515625,4572.6103515625
2021-12-20,4568.02001953125,-52.6201171875,4515.39990234375
2021-12-21,4649.22998046875,81.2099609375,4730.43994140625
2021-12-22,4696.56005859375,47.330078125,4743.89013671875
2021-12-23,4725.7900390625,29.22998046875,4755.02001953125
2021-12-27,4791.18994140625,65.39990234375,4856.58984375
2021-12-28,4786.35009765625,-4.83984375,4781.51025390625
2021-12-29,4793.06005859375,6.7099609375,4799.77001953125
2021-12-30,4778.72998046875,-14.330078125,4764.39990234375
2021-12-31,4766.18017578125,-12.5498046875,4753.63037109375
2022-01-03,4796.56005859375,30.3798828125,4826.93994140625
2022-01-04,4793.5400390625,-3.02001953125,4790.52001953125
2022-01-05,4700.580078125,-92.9599609375,4607.6201171875
2022-01-06,4696.0498046875,-4.5302734375,4691.51953125
2022-01-07,4677.02978515625,-19.02001953125,4658.009765625
2022-01-10,4670.2900390625,-6.73974609375,4663.55029296875
2022-01-11,4713.06982421875,42.77978515625,4755.849609375
2022-01-12,4726.35009765625,13.2802734375,4739.63037109375
2022-01-13,4659.02978515625,-67.3203125,4591.70947265625
2022-01-14,4662.85009765625,3.8203125,4666.67041015625
2022-01-18,4577.10986328125,-85.740234375,4491.36962890625
2022-01-19,4532.759765625,-44.35009765625,4488.40966796875
2022-01-20,4482.72998046875,-50.02978515625,4432.7001953125
2022-01-21,4397.93994140625,-84.7900390625,4313.14990234375
2022-01-24,4410.1298828125,12.18994140625,4422.31982421875
2022-01-25,4356.4501953125,-53.6796875,4302.7705078125
2022-01-26,4349.93017578125,-6.52001953125,4343.41015625
2022-01-27,4326.509765625,-23.42041015625,4303.08935546875
2022-01-28,4431.85009765625,105.34033203125,4537.1904296875
2022-01-31,4515.5498046875,83.69970703125,4599.24951171875
2022-02-01,4546.5400390625,30.990234375,4577.5302734375
2022-02-02,4589.3798828125,42.83984375,4632.2197265625
2022-02-03,4477.43994140625,-111.93994140625,4365.5
2022-02-04,4500.52978515625,23.08984375,4523.61962890625
2022-02-07,4483.8701171875,-16.65966796875,4467.21044921875
2022-02-08,4521.5400390625,37.669921875,4559.2099609375
2022-02-09,4587.18017578125,65.64013671875,4652.8203125
2022-02-10,4504.080078125,-83.10009765625,4420.97998046875
2022-02-11,4418.64013671875,-85.43994140625,4333.2001953125
2022-02-14,4401.669921875,-16.97021484375,4384.69970703125
2022-02-15,4471.06982421875,69.39990234375,4540.4697265625
2022-02-16,4475.009765625,3.93994140625,4478.94970703125
2022-02-17,4380.259765625,-94.75,4285.509765625
2022-02-18,4348.8701171875,-31.3896484375,4317.48046875
2022-02-22,4304.759765625,-44.1103515625,4260.6494140625
2022-02-23,4225.5,-79.259765625,4146.240234375
2022-02-24,4288.7001953125,63.2001953125,4351.900390625
2022-02-25,4384.64990234375,95.94970703125,4480.599609375
2022-02-28,4373.93994140625,-10.7099609375,4363.22998046875
2022-03-01,4306.259765625,-67.68017578125,4238.57958984375
2022-03-02,4386.5400390625,80.2802734375,4466.8203125
2022-03-03,4363.490234375,-23.0498046875,4340.4404296875
2022-03-04,4328.8701171875,-34.6201171875,4294.25
2022-03-07,4201.08984375,-127.7802734375,4073.3095703125
2022-03-08,4170.7001953125,-30.3896484375,4140.310546875
2022-03-09,4277.8798828125,107.1796875,4385.0595703125
2022-03-10,4259.52001953125,-18.35986328125,4241.16015625
2022-03-11,4204.31005859375,-55.2099609375,4149.10009765625
2022-03-14,4173.10986328125,-31.2001953125,4141.90966796875
2022-03-15,4262.4501953125,89.34033203125,4351.79052734375
2022-03-16,4357.85986328125,95.40966796875,4453.26953125
2022-03-17,4411.669921875,53.81005859375,4465.47998046875
2022-03-18,4463.1201171875,51.4501953125,4514.5703125
2022-03-21,4461.18017578125,-1.93994140625,4459.240234375
2022-03-22,4511.60986328125,50.4296875,4562.03955078125
2022-03-23,4456.240234375,-55.36962890625,4400.87060546875
2022-03-24,4520.16015625,63.919921875,4584.080078125
2022-03-25,4543.06005859375,22.89990234375,4565.9599609375
2022-03-28,4575.52001953125,32.4599609375,4607.97998046875
2022-03-29,4631.60009765625,56.080078125,4687.68017578125
2022-03-30,4602.4501953125,-29.14990234375,4573.30029296875
2022-03-31,4530.41015625,-72.0400390625,4458.3701171875
2022-04-01,4545.85986328125,15.44970703125,4561.3095703125
2022-04-04,4582.64013671875,36.7802734375,4619.42041015625
2022-04-05,4525.1201171875,-57.52001953125,4467.60009765625
2022-04-06,4481.14990234375,-43.97021484375,4437.1796875
2022-04-07,4500.2099609375,19.06005859375,4519.27001953125
2022-04-08,4488.27978515625,-11.93017578125,4476.349609375
2022-04-11,4412.52978515625,-75.75,4336.77978515625
2022-04-12,4397.4501953125,-15.07958984375,4382.37060546875
2022-04-13,4446.58984375,49.1396484375,4495.7294921875
2022-04-14,4392.58984375,-54.0,4338.58984375
2022-04-18,4391.68994140625,-0.89990234375,4390.7900390625
2022-04-19,4462.2099609375,70.52001953125,4532.72998046875
2022-04-20,4459.4501953125,-2.759765625,4456.6904296875
2022-04-21,4393.66015625,-65.7900390625,4327.8701171875
2022-04-22,4271.77978515625,-121.88037109375,4149.8994140625
2022-04-25,4296.1201171875,24.34033203125,4320.46044921875
2022-04-26,4175.2001953125,-120.919921875,4054.2802734375
2022-04-27,4183.9599609375,8.759765625,4192.7197265625
2022-04-28,4287.5,103.5400390625,4391.0400390625
2022-04-29,4131.93017578125,-155.56982421875,3976.3603515625
2022-05-02,4155.3798828125,23.44970703125,4178.82958984375
2022-05-03,4175.47998046875,20.10009765625,4195.580078125
2022-05-04,4300.169921875,124.68994140625,4424.85986328125
2022-05-05,4146.8701171875,-153.2998046875,3993.5703125
2022-05-06,4123.33984375,-23.5302734375,4099.8095703125
2022-05-09,3991.239990234375,-132.099853515625,3859.14013671875
2022-05-10,4001.050048828125,9.81005859375,4010.860107421875
2022-05-11,3935.179931640625,-65.8701171875,3869.309814453125
2022-05-12,3930.080078125,-5.099853515625,3924.980224609375
2022-05-13,4023.889892578125,93.809814453125,4117.69970703125
2022-05-16,4008.010009765625,-15.8798828125,3992.130126953125
2022-05-17,4088.85009765625,80.840087890625,4169.690185546875
2022-05-18,3923.679931640625,-165.170166015625,3758.509765625
2022-05-19,3900.7900390625,-22.889892578125,3877.900146484375
2022-05-20,3901.360107421875,0.570068359375,3901.93017578125
2022-05-23,3973.75,72.389892578125,4046.139892578125
2022-05-24,3941.47998046875,-32.27001953125,3909.2099609375
2022-05-25,3978.72998046875,37.25,4015.97998046875
2022-05-26,4057.840087890625,79.110107421875,4136.9501953125
2022-05-27,4158.240234375,100.400146484375,4258.640380859375
2022-05-31,4132.14990234375,-26.09033203125,4106.0595703125
2022-06-01,4101.22998046875,-30.919921875,4070.31005859375
2022-06-02,4176.81982421875,75.58984375,4252.40966796875
2022-06-03,4108.5400390625,-68.27978515625,4040.26025390625
2022-06-06,4121.43017578125,12.89013671875,4134.3203125
2022-06-07,4160.68017578125,39.25,4199.93017578125
2022-06-08,4115.77001953125,-44.91015625,4070.85986328125
2022-06-09,4017.820068359375,-97.949951171875,3919.8701171875
2022-06-10,3900.860107421875,-116.9599609375,3783.900146484375
2022-06-13,3749.6298828125,-151.230224609375,3598.399658203125
2022-06-14,3735.47998046875,-14.14990234375,3721.330078125
2022-06-15,3789.989990234375,54.510009765625,3844.5
2022-06-16,3666.77001953125,-123.219970703125,3543.550048828125
2022-06-17,3674.840087890625,8.070068359375,3682.91015625
2022-06-21,3764.7900390625,89.949951171875,3854.739990234375
2022-06-22,3759.889892578125,-4.900146484375,3754.98974609375
2022-06-23,3795.72998046875,35.840087890625,3831.570068359375
2022-06-24,3911.739990234375,116.010009765625,4027.75
2022-06-27,3900.110107421875,-11.6298828125,3888.480224609375
2022-06-28,3821.550048828125,-78.56005859375,3742.989990234375
2022-06-29,3818.830078125,-2.719970703125,3816.110107421875
2022-06-30,3785.3798828125,-33.4501953125,3751.9296875
2022-07-01,3825.330078125,39.9501953125,3865.2802734375
2022-07-05,3831.389892578125,6.059814453125,3837.44970703125
2022-07-06,3845.080078125,13.690185546875,3858.770263671875
2022-07-07,3902.6201171875,57.5400390625,3960.16015625
2022-07-08,3899.3798828125,-3.240234375,3896.1396484375
2022-07-11,3854.429931640625,-44.949951171875,3809.47998046875
2022-07-12,3818.800048828125,-35.6298828125,3783.170166015625
2022-07-13,3801.780029296875,-17.02001953125,3784.760009765625
2022-07-14,3790.3798828125,-11.400146484375,3778.979736328125
2022-07-15,3863.159912109375,72.780029296875,3935.93994140625
2022-07-18,3830.85009765625,-32.309814453125,3798.540283203125
2022-07-19,3936.68994140625,105.83984375,4042.52978515625
2022-07-20,3959.89990234375,23.2099609375,3983.10986328125
2022-07-21,3998.949951171875,39.050048828125,4038.0
2022-07-22,3961.6298828125,-37.320068359375,3924.309814453125
2022-07-25,3966.840087890625,5.210205078125,3972.05029296875
2022-07-26,3921.050048828125,-45.7900390625,3875.260009765625
2022-07-27,4023.610107421875,102.56005859375,4126.170166015625
2022-07-28,4072.429931640625,48.81982421875,4121.249755859375
2022-07-29,4130.2900390625,57.860107421875,4188.150146484375
2022-08-01,4118.6298828125,-11.66015625,4106.9697265625
2022-08-02,4091.18994140625,-27.43994140625,4063.75
2022-08-03,4155.169921875,63.97998046875,4219.14990234375
2022-08-04,4151.93994140625,-3.22998046875,4148.7099609375
2022-08-05,4145.18994140625,-6.75,4138.43994140625
2022-08-08,4140.06005859375,-5.1298828125,4134.93017578125
2022-08-09,4122.47021484375,-17.58984375,4104.88037109375
2022-08-10,4210.240234375,87.77001953125,4298.01025390625
2022-08-11,4207.27001953125,-2.97021484375,4204.2998046875
2022-08-12,4280.14990234375,72.8798828125,4353.02978515625
2022-08-15,4297.14013671875,16.990234375,4314.13037109375
2022-08-16,4305.2001953125,8.06005859375,4313.26025390625
2022-08-17,4274.0400390625,-31.16015625,4242.8798828125
2022-08-18,4283.740234375,9.7001953125,4293.4404296875
2022-08-19,4228.47998046875,-55.26025390625,4173.2197265625
2022-08-22,4137.990234375,-90.48974609375,4047.50048828125
2022-08-23,4128.72998046875,-9.26025390625,4119.4697265625
2022-08-24,4140.77001953125,12.0400390625,4152.81005859375
2022-08-25,4199.1201171875,58.35009765625,4257.47021484375
2022-08-26,4057.659912109375,-141.460205078125,3916.19970703125
2022-08-29,4030.610107421875,-27.0498046875,4003.560302734375
2022-08-30,3986.159912109375,-44.4501953125,3941.709716796875
2022-08-31,3955.0,-31.159912109375,3923.840087890625
2022-09-01,3966.85009765625,11.85009765625,3978.7001953125
2022-09-02,3924.260009765625,-42.590087890625,3881.669921875
2022-09-06,3908.18994140625,-16.070068359375,3892.119873046875
2022-09-07,3979.8701171875,71.68017578125,4051.55029296875
2022-09-08,4006.179931640625,26.309814453125,4032.48974609375
2022-09-09,4067.360107421875,61.18017578125,4128.540283203125
2022-09-12,4110.41015625,43.050048828125,4153.460205078125
2022-09-13,3932.68994140625,-177.72021484375,3754.9697265625
2022-09-14,3946.010009765625,13.320068359375,3959.330078125
2022-09-15,3901.35009765625,-44.659912109375,3856.690185546875
2022-09-16,3873.330078125,-28.02001953125,3845.31005859375
2022-09-19,3899.889892578125,26.559814453125,3926.44970703125
2022-09-20,3855.929931640625,-43.9599609375,3811.969970703125
2022-09-21,3789.929931640625,-66.0,3723.929931640625
2022-09-22,3757.989990234375,-31.93994140625,3726.050048828125
2022-09-23,3693.22998046875,-64.760009765625,3628.469970703125
2022-09-26,3655.0400390625,-38.18994140625,3616.85009765625
2022-09-27,3647.2900390625,-7.75,3639.5400390625
2022-09-28,3719.0400390625,71.75,3790.7900390625
2022-09-29,3640.469970703125,-78.570068359375,3561.89990234375
2022-09-30,3585.6201171875,-54.849853515625,3530.770263671875
2022-10-03,3678.429931640625,92.809814453125,3771.23974609375
2022-10-04,3790.929931640625,112.5,3903.429931640625
2022-10-05,3783.280029296875,-7.64990234375,3775.630126953125
2022-10-06,3744.52001953125,-38.760009765625,3705.760009765625
2022-10-07,3639.659912109375,-104.860107421875,3534.7998046875
2022-10-10,3612.389892578125,-27.27001953125,3585.119873046875
2022-10-11,3588.840087890625,-23.5498046875,3565.290283203125
2022-10-12,3577.030029296875,-11.81005859375,3565.219970703125
2022-10-13,3669.909912109375,92.8798828125,3762.789794921875
2022-10-14,3583.070068359375,-86.83984375,3496.230224609375
2022-10-17,3677.949951171875,94.8798828125,3772.829833984375
2022-10-18,3719.97998046875,42.030029296875,3762.010009765625
2022-10-19,3695.159912109375,-24.820068359375,3670.33984375
2022-10-20,3665.780029296875,-29.3798828125,3636.400146484375
2022-10-21,3752.75,86.969970703125,3839.719970703125
2022-10-24,3797.340087890625,44.590087890625,3841.93017578125
2022-10-25,3859.110107421875,61.77001953125,3920.880126953125
2022-10-26,3830.60009765625,-28.510009765625,3802.090087890625
2022-10-27,3807.300048828125,-23.300048828125,3784.0
2022-10-28,3901.06005859375,93.760009765625,3994.820068359375
2022-10-31,3871.97998046875,-29.080078125,3842.89990234375
2022-11-01,3856.10009765625,-15.8798828125,3840.22021484375
2022-11-02,3759.68994140625,-96.41015625,3663.27978515625
2022-11-03,3719.889892578125,-39.800048828125,3680.08984375
2022-11-04,3770.550048828125,50.66015625,3821.210205078125
2022-11-07,3806.800048828125,36.25,3843.050048828125
2022-11-08,3828.110107421875,21.31005859375,3849.420166015625
2022-11-09,3748.570068359375,-79.5400390625,3669.030029296875
2022-11-10,3956.3701171875,207.800048828125,4164.170166015625
2022-11-11,3992.929931640625,36.559814453125,4029.48974609375
2022-11-14,3957.25,-35.679931640625,3921.570068359375
2022-11-15,3991.72998046875,34.47998046875,4026.2099609375
2022-11-16,3958.7900390625,-32.93994140625,3925.85009765625
2022-11-17,3946.56005859375,-12.22998046875,3934.330078125
2022-11-18,3965.340087890625,18.780029296875,3984.1201171875
2022-11-21,3949.93994140625,-15.400146484375,3934.539794921875
2022-11-22,4003.580078125,53.64013671875,4057.22021484375
2022-11-23,4027.260009765625,23.679931640625,4050.93994140625
2022-11-25,4026.1201171875,-1.139892578125,4024.980224609375
2022-11-28,3963.93994140625,-62.18017578125,3901.759765625
2022-11-29,3957.6298828125,-6.31005859375,3951.31982421875
2022-11-30,4080.110107421875,122.480224609375,4202.59033203125
2022-12-01,4076.570068359375,-3.5400390625,4073.030029296875
2022-12-02,4071.699951171875,-4.8701171875,4066.829833984375
2022-12-05,3998.840087890625,-72.85986328125,3925.980224609375
2022-12-06,3941.260009765625,-57.580078125,3883.679931640625
2022-12-07,3933.919921875,-7.340087890625,3926.579833984375
2022-12-08,3963.510009765625,29.590087890625,3993.10009765625
2022-12-09,3934.3798828125,-29.130126953125,3905.249755859375
2022-12-12,3990.56005859375,56.18017578125,4046.740234375
2022-12-13,4019.64990234375,29.08984375,4048.73974609375
2022-12-14,3995.320068359375,-24.329833984375,3970.990234375
2022-12-15,3895.75,-99.570068359375,3796.179931640625
2022-12-16,3852.360107421875,-43.389892578125,3808.97021484375
2022-12-19,3817.659912109375,-34.7001953125,3782.959716796875
2022-12-20,3821.6201171875,3.960205078125,3825.580322265625
2022-12-21,3878.43994140625,56.81982421875,3935.259765625
2022-12-22,3822.389892578125,-56.050048828125,3766.33984375
2022-12-23,3844.820068359375,22.43017578125,3867.250244140625
2022-12-27,3829.25,-15.570068359375,3813.679931640625
2022-12-28,3783.219970703125,-46.030029296875,3737.18994140625
2022-12-29,3849.280029296875,66.06005859375,3915.340087890625
2022-12-30,3839.5,-9.780029296875,3829.719970703125
2023-01-03,3824.139892578125,-15.360107421875,3808.77978515625
2023-01-04,3852.969970703125,28.830078125,3881.800048828125
2023-01-05,3808.10009765625,-44.869873046875,3763.230224609375
2023-01-06,3895.080078125,86.97998046875,3982.06005859375
2023-01-09,3892.090087890625,-2.989990234375,3889.10009765625
2023-01-10,3919.25,27.159912109375,3946.409912109375
2023-01-11,3969.610107421875,50.360107421875,4019.97021484375
2023-01-12,3983.169921875,13.559814453125,3996.729736328125
2023-01-13,3999.090087890625,15.920166015625,4015.01025390625
2023-01-17,3990.969970703125,-8.1201171875,3982.849853515625
2023-01-18,3928.860107421875,-62.10986328125,3866.750244140625
2023-01-19,3898.85009765625,-30.010009765625,3868.840087890625
2023-01-20,3972.610107421875,73.760009765625,4046.3701171875
2023-01-23,4019.81005859375,47.199951171875,4067.010009765625
2023-01-24,4016.949951171875,-2.860107421875,4014.08984375
2023-01-25,4016.219970703125,-0.72998046875,4015.489990234375
2023-01-26,4060.429931640625,44.2099609375,4104.639892578125
2023-01-27,4070.56005859375,10.130126953125,4080.690185546875
2023-01-30,4017.77001953125,-52.7900390625,3964.97998046875
2023-01-31,4076.60009765625,58.830078125,4135.43017578125
2023-02-01,4119.2099609375,42.60986328125,4161.81982421875
2023-02-02,4179.759765625,60.5498046875,4240.3095703125
2023-02-03,4136.47998046875,-43.27978515625,4093.2001953125
2023-02-06,4111.080078125,-25.39990234375,4085.68017578125
2023-02-07,4164.0,52.919921875,4216.919921875
2023-02-08,4117.85986328125,-46.14013671875,4071.7197265625
2023-02-09,4081.5,-36.35986328125,4045.14013671875
2023-02-10,4090.4599609375,8.9599609375,4099.419921875
2023-02-13,4137.2900390625,46.830078125,4184.1201171875
2023-02-14,4136.1298828125,-1.16015625,4134.9697265625
2023-02-15,4147.60009765625,11.47021484375,4159.0703125
2023-02-16,4090.409912109375,-57.190185546875,4033.2197265625
2023-02-17,4079.090087890625,-11.31982421875,4067.770263671875
2023-02-21,3997.340087890625,-81.75,3915.590087890625
2023-02-22,3991.050048828125,-6.2900390625,3984.760009765625
2023-02-23,4012.320068359375,21.27001953125,4033.590087890625
2023-02-24,3970.0400390625,-42.280029296875,3927.760009765625
2023-02-27,3982.239990234375,12.199951171875,3994.43994140625
2023-02-28,3970.14990234375,-12.090087890625,3958.059814453125
2023-03-01,3951.389892578125,-18.760009765625,3932.6298828125
2023-03-02,3981.35009765625,29.960205078125,4011.310302734375
2023-03-03,4045.639892578125,64.289794921875,4109.9296875
2023-03-06,4048.419921875,2.780029296875,4051.199951171875
2023-03-07,3986.3701171875,-62.0498046875,3924.3203125
2023-03-08,3992.010009765625,5.639892578125,3997.64990234375
2023-03-09,3918.320068359375,-73.68994140625,3844.630126953125
2023-03-10,3861.590087890625,-56.72998046875,3804.860107421875
2023-03-13,3855.760009765625,-5.830078125,3849.929931640625
2023-03-14,3919.2900390625,63.530029296875,3982.820068359375
2023-03-15,3891.929931640625,-27.360107421875,3864.56982421875
2023-03-16,3960.280029296875,68.35009765625,4028.630126953125
2023-03-17,3916.639892578125,-43.64013671875,3872.999755859375
2023-03-20,3951.570068359375,34.93017578125,3986.500244140625
2023-03-21,4002.8701171875,51.300048828125,4054.170166015625
2023-03-22,3936.969970703125,-65.900146484375,3871.06982421875
2023-03-23,3948.719970703125,11.75,3960.469970703125
2023-03-24,3970.989990234375,22.27001953125,3993.260009765625
2023-03-27,3977.530029296875,6.5400390625,3984.070068359375
2023-03-28,3971.27001953125,-6.260009765625,3965.010009765625
2023-03-29,4027.81005859375,56.5400390625,4084.35009765625
2023-03-30,4050.830078125,23.02001953125,4073.85009765625
2023-03-31,4109.31005859375,58.47998046875,4167.7900390625
2023-04-03,4124.509765625,15.19970703125,4139.70947265625
2023-04-04,4100.60009765625,-23.90966796875,4076.6904296875
2023-04-05,4090.3798828125,-10.22021484375,4080.15966796875
2023-04-06,4105.02001953125,14.64013671875,4119.66015625
2023-04-10,4109.10986328125,4.08984375,4113.19970703125
2023-04-11,4108.93994140625,-0.169921875,4108.77001953125
2023-04-12,4091.949951171875,-16.989990234375,4074.9599609375
2023-04-13,4146.22021484375,54.270263671875,4200.490478515625
2023-04-14,4137.64013671875,-8.580078125,4129.06005859375
2023-04-17,4151.31982421875,13.6796875,4164.99951171875
2023-04-18,4154.8701171875,3.55029296875,4158.42041015625
2023-04-19,4154.52001953125,-0.35009765625,4154.169921875
2023-04-20,4129.7900390625,-24.72998046875,4105.06005859375
2023-04-21,4133.52001953125,3.72998046875,4137.25
2023-04-24,4137.0400390625,3.52001953125,4140.56005859375
2023-04-25,4071.6298828125,-65.41015625,4006.2197265625
2023-04-26,4055.989990234375,-15.639892578125,4040.35009765625
2023-04-27,4135.35009765625,79.360107421875,4214.710205078125
2023-04-28,4169.47998046875,34.1298828125,4203.60986328125
2023-05-01,4167.8701171875,-1.60986328125,4166.26025390625
2023-05-02,4119.580078125,-48.2900390625,4071.2900390625
2023-05-03,4090.75,-28.830078125,4061.919921875
2023-05-04,4061.219970703125,-29.530029296875,4031.68994140625
2023-05-05,4136.25,75.030029296875,4211.280029296875
2023-05-08,4138.1201171875,1.8701171875,4139.990234375
2023-05-09,4119.169921875,-18.9501953125,4100.2197265625
2023-05-10,4137.64013671875,18.47021484375,4156.1103515625
2023-05-11,4130.6201171875,-7.02001953125,4123.60009765625
2023-05-12,4124.080078125,-6.5400390625,4117.5400390625
2023-05-15,4136.27978515625,12.19970703125,4148.4794921875
2023-05-16,4109.89990234375,-26.3798828125,4083.52001953125
2023-05-17,4158.77001953125,48.8701171875,4207.64013671875
2023-05-18,4198.0498046875,39.27978515625,4237.32958984375
2023-05-19,4191.97998046875,-6.06982421875,4185.91015625
2023-05-22,4192.6298828125,0.64990234375,4193.27978515625
2023-05-23,4145.580078125,-47.0498046875,4098.5302734375
2023-05-24,4115.240234375,-30.33984375,4084.900390625
2023-05-25,4151.27978515625,36.03955078125,4187.3193359375
2023-05-26,4205.4501953125,54.17041015625,4259.62060546875
2023-05-30,4205.52001953125,0.06982421875,4205.58984375
2023-05-31,4179.830078125,-25.68994140625,4154.14013671875
2023-06-01,4221.02001953125,41.18994140625,4262.2099609375
2023-06-02,4282.3701171875,61.35009765625,4343.72021484375
2023-06-05,4273.7900390625,-8.580078125,4265.2099609375
2023-06-06,4283.85009765625,10.06005859375,4293.91015625
2023-06-07,4267.52001953125,-16.330078125,4251.18994140625
2023-06-08,4293.93017578125,26.41015625,4320.34033203125
2023-06-09,4298.85986328125,4.9296875,4303.78955078125
2023-06-12,4338.93017578125,40.0703125,4379.00048828125
2023-06-13,4369.009765625,30.07958984375,4399.08935546875
2023-06-14,4372.58984375,3.580078125,4376.169921875
2023-06-15,4425.83984375,53.25,4479.08984375
2023-06-16,4409.58984375,-16.25,4393.33984375
2023-06-20,4388.7099609375,-20.8798828125,4367.830078125
2023-06-21,4365.68994140625,-23.02001953125,4342.669921875
2023-06-22,4381.89013671875,16.2001953125,4398.09033203125
2023-06-23,4348.330078125,-33.56005859375,4314.77001953125
2023-06-26,4328.81982421875,-19.51025390625,4309.3095703125
2023-06-27,4378.41015625,49.59033203125,4428.00048828125
2023-06-28,4376.85986328125,-1.55029296875,4375.3095703125
2023-06-29,4396.43994140625,19.580078125,4416.02001953125
2023-06-30,4450.3798828125,53.93994140625,4504.31982421875
2023-07-03,4455.58984375,5.2099609375,4460.7998046875
2023-07-05,4446.81982421875,-8.77001953125,4438.0498046875
2023-07-06,4411.58984375,-35.22998046875,4376.35986328125
2023-07-07,4398.9501953125,-12.6396484375,4386.310546875
2023-07-10,4409.52978515625,10.57958984375,4420.109375
2023-07-11,4439.259765625,29.72998046875,4468.98974609375
2023-07-12,4472.16015625,32.900390625,4505.060546875
2023-07-13,4510.0400390625,37.8798828125,4547.919921875
2023-07-14,4505.419921875,-4.6201171875,4500.7998046875
2023-07-17,4522.7900390625,17.3701171875,4540.16015625
2023-07-18,4554.97998046875,32.18994140625,4587.169921875
2023-07-19,4565.72021484375,10.740234375,4576.46044921875
2023-07-20,4534.8701171875,-30.85009765625,4504.02001953125
2023-07-21,4536.33984375,1.4697265625,4537.8095703125
2023-07-24,4554.64013671875,18.30029296875,4572.9404296875
2023-07-25,4567.4599609375,12.81982421875,4580.27978515625
2023-07-26,4566.75,-0.7099609375,4566.0400390625
2023-07-27,4537.41015625,-29.33984375,4508.0703125
2023-07-28,4582.22998046875,44.81982421875,4627.0498046875
2023-07-31,4588.9599609375,6.72998046875,4595.68994140625
2023-08-01,4576.72998046875,-12.22998046875,4564.5
2023-08-02,4513.39013671875,-63.33984375,4450.05029296875
2023-08-03,4501.89013671875,-11.5,4490.39013671875
2023-08-04,4478.02978515625,-23.8603515625,4454.16943359375
2023-08-07,4518.43994140625,40.41015625,4558.85009765625
2023-08-08,4499.3798828125,-19.06005859375,4480.31982421875
2023-08-09,4467.7099609375,-31.669921875,4436.0400390625
2023-08-10,4468.830078125,1.1201171875,4469.9501953125
2023-08-11,4464.0498046875,-4.7802734375,4459.26953125
2023-08-14,4489.72021484375,25.67041015625,4515.390625
2023-08-15,4437.85986328125,-51.8603515625,4385.99951171875
2023-08-16,4404.330078125,-33.52978515625,4370.80029296875
2023-08-17,4370.35986328125,-33.97021484375,4336.3896484375
2023-08-18,4369.7099609375,-0.64990234375,4369.06005859375
2023-08-21,4399.77001953125,30.06005859375,4429.830078125
2023-08-22,4387.5498046875,-12.22021484375,4375.32958984375
2023-08-23,4436.009765625,48.4599609375,4484.4697265625
2023-08-24,4376.31005859375,-59.69970703125,4316.6103515625
2023-08-25,4405.7099609375,29.39990234375,4435.10986328125
2023-08-28,4433.31005859375,27.60009765625,4460.91015625
2023-08-29,4497.6298828125,64.31982421875,4561.94970703125
2023-08-30,4514.8701171875,17.240234375,4532.1103515625
2023-08-31,4507.66015625,-7.2099609375,4500.4501953125
2023-09-01,4515.77001953125,8.10986328125,4523.8798828125
2023-09-05,4496.830078125,-18.93994140625,4477.89013671875
2023-09-06,4465.47998046875,-31.35009765625,4434.1298828125
2023-09-07,4451.14013671875,-14.33984375,4436.80029296875
2023-09-08,4457.490234375,6.35009765625,4463.84033203125
2023-09-11,4487.4599609375,29.9697265625,4517.4296875
2023-09-12,4461.89990234375,-25.56005859375,4436.33984375
2023-09-13,4467.43994140625,5.5400390625,4472.97998046875
2023-09-14,4505.10009765625,37.66015625,4542.76025390625
2023-09-15,4450.31982421875,-54.7802734375,4395.53955078125
2023-09-18,4453.52978515625,3.2099609375,4456.73974609375
2023-09-19,4443.9501953125,-9.57958984375,4434.37060546875
2023-09-20,4402.2001953125,-41.75,4360.4501953125
2023-09-21,4330.0,-72.2001953125,4257.7998046875
2023-09-22,4320.06005859375,-9.93994140625,4310.1201171875
2023-09-25,4337.43994140625,17.3798828125,4354.81982421875
2023-09-26,4273.52978515625,-63.91015625,4209.61962890625
2023-09-27,4274.509765625,0.97998046875,4275.48974609375
2023-09-28,4299.7001953125,25.1904296875,4324.890625
2023-09-29,4288.0498046875,-11.650390625,4276.3994140625
2023-10-02,4288.39013671875,0.34033203125,4288.73046875
2023-10-03,4229.4501953125,-58.93994140625,4170.51025390625
2023-10-04,4263.75,34.2998046875,4298.0498046875
2023-10-05,4258.18994140625,-5.56005859375,4252.6298828125
2023-10-06,4308.5,50.31005859375,4358.81005859375
2023-10-09,4335.66015625,27.16015625,4362.8203125
2023-10-10,4358.240234375,22.580078125,4380.8203125
2023-10-11,4376.9501953125,18.7099609375,4395.66015625
2023-10-12,4349.60986328125,-27.34033203125,4322.26953125
2023-10-13,4327.77978515625,-21.830078125,4305.94970703125
2023-10-16,4373.6298828125,45.85009765625,4419.47998046875
2023-10-17,4373.2001953125,-0.4296875,4372.7705078125
2023-10-18,4314.60009765625,-58.60009765625,4256.0
2023-10-19,4278.0,-36.60009765625,4241.39990234375
2023-10-20,4224.16015625,-53.83984375,4170.3203125
2023-10-23,4217.0400390625,-7.1201171875,4209.919921875
2023-10-24,4247.68017578125,30.64013671875,4278.3203125
2023-10-25,4186.77001953125,-60.91015625,4125.85986328125
2023-10-26,4137.22998046875,-49.5400390625,4087.68994140625
2023-10-27,4117.3701171875,-19.85986328125,4097.51025390625
2023-10-30,4166.81982421875,49.44970703125,4216.26953125
2023-10-31,4193.7998046875,26.97998046875,4220.77978515625
2023-11-01,4237.85986328125,44.06005859375,4281.919921875
2023-11-02,4317.77978515625,79.919921875,4397.69970703125
2023-11-03,4358.33984375,40.56005859375,4398.89990234375
2023-11-06,4365.97998046875,7.64013671875,4373.6201171875
2023-11-07,4378.3798828125,12.39990234375,4390.77978515625
2023-11-08,4382.77978515625,4.39990234375,4387.1796875
2023-11-09,4347.35009765625,-35.4296875,4311.92041015625
2023-11-10,4415.240234375,67.89013671875,4483.13037109375
2023-11-13,4411.5498046875,-3.6904296875,4407.859375
2023-11-14,4495.7001953125,84.150390625,4579.8505859375
2023-11-15,4502.8798828125,7.1796875,4510.0595703125
2023-11-16,4508.240234375,5.3603515625,4513.6005859375
2023-11-17,4514.02001953125,5.77978515625,4519.7998046875
2023-11-20,4547.3798828125,33.35986328125,4580.73974609375
2023-11-21,4538.18994140625,-9.18994140625,4529.0
2023-11-22,4556.6201171875,18.43017578125,4575.05029296875
2023-11-24,4559.33984375,2.7197265625,4562.0595703125
2023-11-27,4550.43017578125,-8.90966796875,4541.5205078125
2023-11-28,4554.89013671875,4.4599609375,4559.35009765625
2023-11-29,4550.580078125,-4.31005859375,4546.27001953125
2023-11-30,4567.7998046875,17.2197265625,4585.01953125
2023-12-01,4594.6298828125,26.830078125,4621.4599609375
2023-12-04,4569.77978515625,-24.85009765625,4544.9296875
2023-12-05,4567.18017578125,-2.599609375,4564.58056640625
2023-12-06,4549.33984375,-17.84033203125,4531.49951171875
2023-12-07,4585.58984375,36.25,4621.83984375
2023-12-08,4604.3701171875,18.7802734375,4623.150390625
2023-12-11,4622.43994140625,18.06982421875,4640.509765625
2023-12-12,4643.7001953125,21.26025390625,4664.96044921875
2023-12-13,4707.08984375,63.3896484375,4770.4794921875
2023-12-14,4719.5498046875,12.4599609375,4732.009765625
2023-12-15,4719.18994140625,-0.35986328125,4718.830078125
2023-12-18,4740.56005859375,21.3701171875,4761.93017578125
2023-12-19,4768.3701171875,27.81005859375,4796.18017578125
2023-12-20,4698.35009765625,-70.02001953125,4628.330078125
2023-12-21,4746.75,48.39990234375,4795.14990234375
2023-12-22,4754.6298828125,7.8798828125,4762.509765625
2023-12-26,4774.75,20.1201171875,4794.8701171875
2023-12-27,4781.580078125,6.830078125,4788.41015625
2023-12-28,4783.35009765625,1.77001953125,4785.1201171875
2023-12-29,4769.830078125,-13.52001953125,4756.31005859375
2024-01-02,4742.830078125,-27.0,4715.830078125
2024-01-03,4704.81005859375,-38.02001953125,4666.7900390625
2024-01-04,4688.68017578125,-16.1298828125,4672.55029296875
2024-01-05,4697.240234375,8.56005859375,4705.80029296875
2024-01-08,4763.5400390625,66.2998046875,4829.83984375
2024-01-09,4756.5,-7.0400390625,4749.4599609375
2024-01-10,4783.4501953125,26.9501953125,4810.400390625
2024-01-11,4780.240234375,-3.2099609375,4777.0302734375
2024-01-12,4783.830078125,3.58984375,4787.419921875
2024-01-16,4765.97998046875,-17.85009765625,4748.1298828125
2024-01-17,4739.2099609375,-26.77001953125,4712.43994140625
2024-01-18,4780.93994140625,41.72998046875,4822.669921875
2024-01-19,4839.81005859375,58.8701171875,4898.68017578125
2024-01-22,4850.43017578125,10.6201171875,4861.05029296875
2024-01-23,4864.60009765625,14.169921875,4878.77001953125
2024-01-24,4868.5498046875,3.94970703125,4872.49951171875
2024-01-25,4894.16015625,25.6103515625,4919.7705078125
2024-01-26,4890.97021484375,-3.18994140625,4887.7802734375
2024-01-29,4927.93017578125,36.9599609375,4964.89013671875
2024-01-30,4924.97021484375,-2.9599609375,4922.01025390625
2024-01-31,4845.64990234375,-79.3203125,4766.32958984375
2024-02-01,4906.18994140625,60.5400390625,4966.72998046875
2024-02-02,4958.60986328125,52.419921875,5011.02978515625
2024-02-05,4942.81005859375,-15.7998046875,4927.01025390625
2024-02-06,4954.22998046875,11.419921875,4965.64990234375
2024-02-07,4995.06005859375,40.830078125,5035.89013671875
2024-02-08,4997.91015625,2.85009765625,5000.76025390625
2024-02-09,5026.60986328125,28.69970703125,5055.3095703125
2024-02-12,5021.83984375,-4.77001953125,5017.06982421875
2024-02-13,4953.169921875,-68.669921875,4884.5
2024-02-14,5000.6201171875,47.4501953125,5048.0703125
2024-02-15,5029.72998046875,29.10986328125,5058.83984375
2024-02-16,5005.56982421875,-24.16015625,4981.40966796875
2024-02-20,4975.509765625,-30.06005859375,4945.44970703125
2024-02-21,4981.7998046875,6.2900390625,4988.08984375
2024-02-22,5087.02978515625,105.22998046875,5192.259765625
2024-02-23,5088.7998046875,1.77001953125,5090.56982421875
2024-02-26,5069.52978515625,-19.27001953125,5050.259765625
2024-02-27,5078.18017578125,8.650390625,5086.83056640625
2024-02-28,5069.759765625,-8.42041015625,5061.33935546875
2024-02-29,5096.27001953125,26.51025390625,5122.7802734375
2024-03-01,5137.080078125,40.81005859375,5177.89013671875
2024-03-04,5130.9501953125,-6.1298828125,5124.8203125
2024-03-05,5078.64990234375,-52.30029296875,5026.349609375
2024-03-06,5104.759765625,26.10986328125,5130.86962890625
2024-03-07,5157.35986328125,52.60009765625,5209.9599609375
2024-03-08,5123.68994140625,-33.669921875,5090.02001953125
2024-03-11,5117.93994140625,-5.75,5112.18994140625
2024-03-12,5175.27001953125,57.330078125,5232.60009765625
2024-03-13,5165.31005859375,-9.9599609375,5155.35009765625
2024-03-14,5150.47998046875,-14.830078125,5135.64990234375
2024-03-15,5117.08984375,-33.39013671875,5083.69970703125
2024-03-18,5149.419921875,32.330078125,5181.75
2024-03-19,5178.509765625,29.08984375,5207.599609375
2024-03-20,5224.6201171875,46.1103515625,5270.73046875
2024-03-21,5241.52978515625,16.90966796875,5258.439453125
2024-03-22,5234.18017578125,-7.349609375,5226.83056640625
2024-03-25,5218.18994140625,-15.990234375,5202.19970703125
2024-03-26,5203.580078125,-14.60986328125,5188.97021484375
2024-03-27,5248.490234375,44.91015625,5293.400390625
2024-03-28,5254.35009765625,5.85986328125,5260.2099609375
2024-04-01,5243.77001953125,-10.580078125,5233.18994140625
2024-04-02,5205.81005859375,-37.9599609375,5167.85009765625
2024-04-03,5211.490234375,5.68017578125,5217.17041015625
2024-04-04,5147.2099609375,-64.2802734375,5082.9296875
2024-04-05,5204.33984375,57.1298828125,5261.4697265625
2024-04-08,5202.39013671875,-1.94970703125,5200.4404296875
2024-04-09,5209.91015625,7.52001953125,5217.43017578125
2024-04-10,5160.64013671875,-49.27001953125,5111.3701171875
2024-04-11,5199.06005859375,38.419921875,5237.47998046875
2024-04-12,5123.41015625,-75.64990234375,5047.76025390625
2024-04-15,5061.81982421875,-61.59033203125,5000.2294921875
2024-04-16,5051.41015625,-10.40966796875,5041.00048828125
2024-04-17,5022.2099609375,-29.2001953125,4993.009765625
2024-04-18,5011.1201171875,-11.08984375,5000.0302734375
2024-04-19,4967.22998046875,-43.89013671875,4923.33984375
2024-04-22,5010.60009765625,43.3701171875,5053.97021484375
2024-04-23,5070.5498046875,59.94970703125,5130.49951171875
2024-04-24,5071.6298828125,1.080078125,5072.7099609375
2024-04-25,5048.419921875,-23.2099609375,5025.2099609375
2024-04-26,5099.9599609375,51.5400390625,5151.5
2024-04-29,5116.169921875,16.2099609375,5132.3798828125
2024-04-30,5035.68994140625,-80.47998046875,4955.2099609375
2024-05-01,5018.39013671875,-17.2998046875,5001.09033203125
2024-05-02,5064.2001953125,45.81005859375,5110.01025390625
2024-05-03,5127.7900390625,63.58984375,5191.3798828125
2024-05-06,5180.740234375,52.9501953125,5233.6904296875
2024-05-07,5187.7001953125,6.9599609375,5194.66015625
2024-05-08,5187.669921875,-0.0302734375,5187.6396484375
2024-05-09,5214.080078125,26.41015625,5240.490234375
2024-05-10,5222.68017578125,8.60009765625,5231.2802734375
2024-05-13,5221.419921875,-1.26025390625,5220.15966796875
2024-05-14,5246.68017578125,25.26025390625,5271.9404296875
2024-05-15,5308.14990234375,61.4697265625,5369.61962890625
2024-05-16,5297.10009765625,-11.0498046875,5286.05029296875
2024-05-17,5303.27001953125,6.169921875,5309.43994140625
2024-05-20,5308.1298828125,4.85986328125,5312.98974609375
2024-05-21,5321.41015625,13.2802734375,5334.6904296875
2024-05-22,5307.009765625,-14.400390625,5292.609375
2024-05-23,5267.83984375,-39.169921875,5228.669921875
2024-05-24,5304.72021484375,36.88037109375,5341.6005859375
2024-05-28,5306.0400390625,1.31982421875,5307.35986328125
2024-05-29,5266.9501953125,-39.08984375,5227.8603515625
2024-05-30,5235.47998046875,-31.47021484375,5204.009765625
2024-05-31,5277.509765625,42.02978515625,5319.53955078125
2024-06-03,5283.39990234375,5.89013671875,5289.2900390625
2024-06-04,5291.33984375,7.93994140625,5299.27978515625
2024-06-05,5354.02978515625,62.68994140625,5416.7197265625
2024-06-06,5352.9599609375,-1.06982421875,5351.89013671875
2024-06-07,5346.990234375,-5.9697265625,5341.0205078125
2024-06-10,5360.7900390625,13.7998046875,5374.58984375
2024-06-11,5375.31982421875,14.52978515625,5389.849609375
2024-06-12,5421.02978515625,45.7099609375,5466.73974609375
2024-06-13,5433.740234375,12.71044921875,5446.45068359375
2024-06-14,5431.60009765625,-2.14013671875,5429.4599609375
2024-06-17,5473.22998046875,41.6298828125,5514.85986328125
2024-06-18,5487.02978515625,13.7998046875,5500.82958984375
2024-06-20,5473.169921875,-13.85986328125,5459.31005859375
2024-06-21,5464.6201171875,-8.5498046875,5456.0703125
2024-06-24,5447.8701171875,-16.75,5431.1201171875
2024-06-25,5469.2998046875,21.4296875,5490.7294921875
2024-06-26,5477.89990234375,8.60009765625,5486.5
2024-06-27,5482.8701171875,4.97021484375,5487.84033203125
2024-06-28,5460.47998046875,-22.39013671875,5438.08984375
2024-07-01,5475.08984375,14.60986328125,5489.69970703125
2024-07-02,5509.009765625,33.919921875,5542.9296875
2024-07-03,5537.02001953125,28.01025390625,5565.0302734375
2024-07-05,5567.18994140625,30.169921875,5597.35986328125
2024-07-08,5572.85009765625,5.66015625,5578.51025390625
2024-07-09,5576.97998046875,4.1298828125,5581.10986328125
2024-07-10,5633.91015625,56.93017578125,5690.84033203125
2024-07-11,5584.5400390625,-49.3701171875,5535.169921875
2024-07-12,5615.35009765625,30.81005859375,5646.16015625
2024-07-15,5631.22021484375,15.8701171875,5647.09033203125
2024-07-16,5667.2001953125,35.97998046875,5703.18017578125
2024-07-17,5588.27001953125,-78.93017578125,5509.33984375
2024-07-18,5544.58984375,-43.68017578125,5500.90966796875
2024-07-19,5505.0,-39.58984375,5465.41015625
2024-07-22,5564.41015625,59.41015625,5623.8203125
2024-07-23,5555.740234375,-8.669921875,5547.0703125
2024-07-24,5427.1298828125,-128.6103515625,5298.51953125
2024-07-25,5399.22021484375,-27.90966796875,5371.310546875
2024-07-26,5459.10009765625,59.8798828125,5518.97998046875
2024-07-29,5463.5400390625,4.43994140625,5467.97998046875
2024-07-30,5436.43994140625,-27.10009765625,5409.33984375
2024-07-31,5522.2998046875,85.85986328125,5608.15966796875
2024-08-01,5446.68017578125,-75.61962890625,5371.060546875
2024-08-02,5346.56005859375,-100.1201171875,5246.43994140625
2024-08-05,5186.330078125,-160.22998046875,5026.10009765625
2024-08-06,5240.02978515625,53.69970703125,5293.7294921875
2024-08-07,5199.5,-40.52978515625,5158.97021484375
2024-08-08,5319.31005859375,119.81005859375,5439.1201171875
2024-08-09,5344.16015625,24.85009765625,5369.01025390625
2024-08-12,5344.39013671875,0.22998046875,5344.6201171875
2024-08-13,5434.43017578125,90.0400390625,5524.47021484375
2024-08-14,5455.2099609375,20.77978515625,5475.98974609375
2024-08-15,5543.22021484375,88.01025390625,5631.23046875
2024-08-16,5554.25,11.02978515625,5565.27978515625
2024-08-19,5608.25,54.0,5662.25
2024-08-20,5597.1201171875,-11.1298828125,5585.990234375
2024-08-21,5620.85009765625,23.72998046875,5644.580078125
2024-08-22,5570.64013671875,-50.2099609375,5520.43017578125
2024-08-23,5634.60986328125,63.9697265625,5698.57958984375
2024-08-26,5616.83984375,-17.77001953125,5599.06982421875
2024-08-27,5625.7998046875,8.9599609375,5634.759765625
2024-08-28,5592.18017578125,-33.61962890625,5558.560546875
2024-08-29,5591.9599609375,-0.22021484375,5591.73974609375
2024-08-30,5648.39990234375,56.43994140625,5704.83984375
2024-09-03,5528.93017578125,-119.4697265625,5409.46044921875
2024-09-04,5520.06982421875,-8.8603515625,5511.20947265625
2024-09-05,5503.41015625,-16.65966796875,5486.75048828125
2024-09-06,5408.419921875,-94.990234375,5313.4296875
2024-09-09,5471.0498046875,62.6298828125,5533.6796875
2024-09-10,5495.52001953125,24.47021484375,5519.990234375
2024-09-11,5554.1298828125,58.60986328125,5612.73974609375
2024-09-12,5595.759765625,41.6298828125,5637.3896484375
2024-09-13,5626.02001953125,30.26025390625,5656.2802734375
2024-09-16,5633.08984375,7.06982421875,5640.15966796875
2024-09-17,5634.580078125,1.490234375,5636.0703125
2024-09-18,5618.259765625,-16.3203125,5601.939453125
2024-09-19,5713.64013671875,95.38037109375,5809.0205078125
2024-09-20,5702.5498046875,-11.09033203125,5691.45947265625
2024-09-23,5718.56982421875,16.02001953125,5734.58984375
2024-09-24,5732.93017578125,14.3603515625,5747.29052734375
2024-09-25,5722.259765625,-10.67041015625,5711.58935546875
2024-09-26,5745.3701171875,23.1103515625,5768.48046875
2024-09-27,5738.169921875,-7.2001953125,5730.9697265625
2024-09-30,5762.47998046875,24.31005859375,5786.7900390625
2024-10-01,5708.75,-53.72998046875,5655.02001953125
2024-10-02,5709.5400390625,0.7900390625,5710.330078125
2024-10-03,5699.93994140625,-9.60009765625,5690.33984375
2024-10-04,5751.06982421875,51.1298828125,5802.19970703125
2024-10-07,5695.93994140625,-55.1298828125,5640.81005859375
2024-10-08,5751.1298828125,55.18994140625,5806.31982421875
2024-10-09,5792.0400390625,40.91015625,5832.9501953125
2024-10-10,5780.0498046875,-11.990234375,5768.0595703125
2024-10-11,5815.02978515625,34.97998046875,5850.009765625
2024-10-14,5859.85009765625,44.8203125,5904.67041015625
2024-10-15,5815.259765625,-44.59033203125,5770.66943359375
2024-10-16,5842.47021484375,27.21044921875,5869.6806640625
2024-10-17,5841.47021484375,-1.0,5840.47021484375
2024-10-18,5864.669921875,23.19970703125,5887.86962890625
2024-10-21,5853.97998046875,-10.68994140625,5843.2900390625
2024-10-22,5851.2001953125,-2.77978515625,5848.42041015625
2024-10-23,5797.419921875,-53.7802734375,5743.6396484375
2024-10-24,5809.85986328125,12.43994140625,5822.2998046875
2024-10-25,5808.1201171875,-1.73974609375,5806.38037109375
2024-10-28,5823.52001953125,15.39990234375,5838.919921875
2024-10-29,5832.919921875,9.39990234375,5842.31982421875
2024-10-30,5813.669921875,-19.25,5794.419921875
2024-10-31,5705.4501953125,-108.2197265625,5597.23046875
